date,time,label,activity,distance,energy,energy_acc,pro,protein_acc,carb,fat,note,summary
2024-11-04,00:00,REST,Bmr,0,-56.66666666666666,-56.66666666666666,0.0,0.0,0.0,0.0,0,
2024-11-04,01:00,REST,Bmr,0,-56.66666666666666,-113.33333333333331,0.0,0.0,0.0,0.0,0,
2024-11-04,02:00,REST,Bmr,0,-56.66666666666666,-169.99999999999997,0.0,0.0,0.0,0.0,0,
2024-11-04,03:00,REST,Bmr,0,-56.66666666666666,-226.66666666666663,0.0,0.0,0.0,0.0,0,
2024-11-04,04:00,REST,Bmr,0,-56.66666666666666,-283.33333333333326,0.0,0.0,0.0,0.0,0,
2024-11-04,04:41,TRAINING,Walk,"8,93 km",-508.0,-791.3333333333333,0.0,0.0,0.0,0.0,15,
2024-11-04,05:00,REST,Bmr,0,-56.66666666666666,-847.9999999999999,0.0,0.0,0.0,0.0,0,
2024-11-04,06:00,REST,Bmr,0,-56.66666666666666,-904.6666666666664,0.0,0.0,0.0,0.0,0,
2024-11-04,07:00,REST,Bmr,0,-56.66666666666666,-961.3333333333331,0.0,0.0,0.0,0.0,0,
2024-11-04,07:30,FOOD,Eat,0.0,600.0,-361.33333333333314,25.0,25.0,37.0,35.0,Porridge,
2024-11-04,08:00,REST,Bmr,0,-56.66666666666666,-417.9999999999998,0.0,25.0,0.0,0.0,0,
2024-11-04,09:00,REST,Bmr,0,-56.66666666666666,-474.6666666666664,0.0,25.0,0.0,0.0,0,
2024-11-04,10:00,REST,Bmr,0,-56.66666666666666,-531.333333333333,0.0,25.0,0.0,0.0,0,
2024-11-04,11:00,REST,Bmr,0,-56.66666666666666,-587.9999999999997,0.0,25.0,0.0,0.0,0,
2024-11-04,11:01,FOOD,Eat,0.0,600.0,12.00000000000034,25.0,50.0,37.0,35.0,Porridge,
2024-11-04,11:21,TRAINING,Walk,"7,65 km",-454.0,-441.99999999999966,0.0,50.0,0.0,0.0,19,
2024-11-04,12:00,REST,Bmr,0,-56.66666666666666,-498.6666666666663,0.0,50.0,0.0,0.0,0,
2024-11-04,13:00,REST,Bmr,0,-56.66666666666666,-555.3333333333329,0.0,50.0,0.0,0.0,0,
2024-11-04,13:22,TRAINING,BIKE,0.0,-188.0,-743.3333333333329,0.0,50.0,0.0,0.0,RMP,
2024-11-04,14:00,TRAINING,STR,0.0,-225.0,-968.3333333333328,0.0,50.0,0.0,0.0,BODYPUMP,
2024-11-04,14:00,REST,Bmr,0,-56.66666666666666,-1024.9999999999995,0.0,50.0,0.0,0.0,0,
2024-11-04,15:00,REST,Bmr,0,-56.66666666666666,-1081.6666666666663,0.0,50.0,0.0,0.0,0,
2024-11-04,16:00,REST,Bmr,0,-56.66666666666666,-1138.333333333333,0.0,50.0,0.0,0.0,0,
2024-11-04,16:01,FOOD,Eat,0.0,500.0,-638.333333333333,27.0,77.0,26.0,30.0,"Broccoli, kaki, veg sausage, coleslaw, plum, egg, mozzarella",
2024-11-04,16:30,FOOD,Eat,0.0,890.0,251.66666666666697,18.0,95.0,175.0,13.0,"Protein bars, candy",
2024-11-04,17:00,REST,Bmr,0,-56.66666666666666,195.0000000000003,0.0,95.0,0.0,0.0,0,
2024-11-04,18:00,REST,Bmr,0,-56.66666666666666,138.33333333333366,0.0,95.0,0.0,0.0,0,
2024-11-04,19:00,REST,Bmr,0,-56.66666666666666,81.666666666667,0.0,95.0,0.0,0.0,0,
2024-11-04,20:00,REST,Bmr,0,-56.66666666666666,25.00000000000034,0.0,95.0,0.0,0.0,0,
2024-11-04,21:00,REST,Bmr,0,-56.66666666666666,-31.66666666666632,0.0,95.0,0.0,0.0,0,
2024-11-04,22:00,REST,Bmr,0,-56.66666666666666,-88.33333333333297,0.0,95.0,0.0,0.0,0,
2024-11-04,23:00,REST,Bmr,0,-56.66666666666666,-144.99999999999963,0.0,95.0,0.0,0.0,0,
2024-11-05,00:00,REST,Bmr,0,-56.66666666666666,-56.66666666666666,0.0,0.0,0.0,0.0,0,
2024-11-05,01:00,REST,Bmr,0,-56.66666666666666,-113.33333333333331,0.0,0.0,0.0,0.0,0,
2024-11-05,02:00,REST,Bmr,0,-56.66666666666666,-169.99999999999997,0.0,0.0,0.0,0.0,0,
2024-11-05,03:00,REST,Bmr,0,-56.66666666666666,-226.66666666666663,0.0,0.0,0.0,0.0,0,
2024-11-05,04:00,REST,Bmr,0,-56.66666666666666,-283.33333333333326,0.0,0.0,0.0,0.0,0,
2024-11-05,04:25,TRAINING,Walk,"8,38 km",-363.0,-646.3333333333333,0.0,0.0,0.0,0.0,15,
2024-11-05,05:00,REST,Bmr,0,-56.66666666666666,-702.9999999999999,0.0,0.0,0.0,0.0,0,
2024-11-05,06:00,REST,Bmr,0,-56.66666666666666,-759.6666666666665,0.0,0.0,0.0,0.0,0,
2024-11-05,06:30,FOOD,Eat,0.0,600.0,-159.66666666666652,25.0,25.0,37.0,35.0,Porridge,
2024-11-05,07:00,REST,Bmr,0,-56.66666666666666,-216.3333333333332,0.0,25.0,0.0,0.0,0,
2024-11-05,08:00,REST,Bmr,0,-56.66666666666666,-272.99999999999983,0.0,25.0,0.0,0.0,0,
2024-11-05,09:00,REST,Bmr,0,-56.66666666666666,-329.6666666666665,0.0,25.0,0.0,0.0,0,
2024-11-05,10:00,REST,Bmr,0,-56.66666666666666,-386.33333333333314,0.0,25.0,0.0,0.0,0,
2024-11-05,10:01,FOOD,Eat,0.0,600.0,213.66666666666688,25.0,50.0,37.0,35.0,Porridge,
2024-11-05,10:53,TRAINING,Walk,"7,38 km",-428.0,-214.33333333333317,0.0,50.0,0.0,0.0,18,
2024-11-05,11:00,REST,Bmr,0,-56.66666666666666,-270.9999999999998,0.0,50.0,0.0,0.0,0,
2024-11-05,12:00,REST,Bmr,0,-56.66666666666666,-327.6666666666664,0.0,50.0,0.0,0.0,0,
2024-11-05,12:30,FOOD,Eat,0.0,127.0,-200.6666666666664,3.0,53.0,10.0,8.0,"Sandwish, butter, peanut butter",
2024-11-05,13:00,REST,Bmr,0,-56.66666666666666,-257.33333333333303,0.0,53.0,0.0,0.0,0,
2024-11-05,14:00,REST,Bmr,0,-56.66666666666666,-313.99999999999966,0.0,53.0,0.0,0.0,0,
2024-11-05,14:01,FOOD,Eat,0.0,115.0,-198.9999999999997,0.0,53.0,30.0,0.0,Carbs,
2024-11-05,14:58,TRAINING,RUN,10.0 km,-505.0,-703.9999999999997,0.0,53.0,0.0,0.0,5'07'',
2024-11-05,15:00,REST,Bmr,0,-56.66666666666666,-760.6666666666663,0.0,53.0,0.0,0.0,0,
2024-11-05,16:00,REST,Bmr,0,-56.66666666666666,-817.3333333333329,0.0,53.0,0.0,0.0,0,
2024-11-05,16:30,FOOD,Eat,0.0,500.0,-317.3333333333329,27.0,80.0,26.0,30.0,"Broccoli, kaki, veg sausage, coleslaw, plum, egg, mozzarella",
2024-11-05,17:00,REST,Bmr,0,-56.66666666666666,-373.9999999999996,0.0,80.0,0.0,0.0,0,
2024-11-05,17:01,FOOD,Eat,0.0,440.0,66.00000000000045,19.0,99.0,27.0,18.0,Protein bars,
2024-11-05,18:00,REST,Bmr,0,-56.66666666666666,9.333333333333798,0.0,99.0,0.0,0.0,0,
2024-11-05,19:00,REST,Bmr,0,-56.66666666666666,-47.33333333333286,0.0,99.0,0.0,0.0,0,
2024-11-05,20:00,REST,Bmr,0,-56.66666666666666,-103.99999999999952,0.0,99.0,0.0,0.0,0,
2024-11-05,21:00,REST,Bmr,0,-56.66666666666666,-160.66666666666617,0.0,99.0,0.0,0.0,0,
2024-11-05,22:00,REST,Bmr,0,-56.66666666666666,-217.33333333333283,0.0,99.0,0.0,0.0,0,
2024-11-05,23:00,REST,Bmr,0,-56.66666666666666,-273.9999999999995,0.0,99.0,0.0,0.0,0,
2024-11-06,00:00,REST,Bmr,0,-56.66666666666666,-56.66666666666666,0.0,0.0,0.0,0.0,0,
2024-11-06,01:00,REST,Bmr,0,-56.66666666666666,-113.33333333333331,0.0,0.0,0.0,0.0,0,
2024-11-06,02:00,REST,Bmr,0,-56.66666666666666,-169.99999999999997,0.0,0.0,0.0,0.0,0,
2024-11-06,03:00,REST,Bmr,0,-56.66666666666666,-226.66666666666663,0.0,0.0,0.0,0.0,0,
2024-11-06,04:00,REST,Bmr,0,-56.66666666666666,-283.33333333333326,0.0,0.0,0.0,0.0,0,
2024-11-06,04:22,TRAINING,Walk,"8,79 km",-478.0,-761.3333333333333,0.0,0.0,0.0,0.0,15,
2024-11-06,05:00,REST,Bmr,0,-56.66666666666666,-817.9999999999999,0.0,0.0,0.0,0.0,0,
2024-11-06,06:00,REST,Bmr,0,-56.66666666666666,-874.6666666666665,0.0,0.0,0.0,0.0,0,
2024-11-06,06:30,FOOD,Eat,0.0,600.0,-274.6666666666665,25.0,25.0,37.0,35.0,Porridge,
2024-11-06,07:00,REST,Bmr,0,-56.66666666666666,-331.33333333333314,0.0,25.0,0.0,0.0,0,
2024-11-06,08:00,REST,Bmr,0,-56.66666666666666,-387.9999999999998,0.0,25.0,0.0,0.0,0,
2024-11-06,09:00,REST,Bmr,0,-56.66666666666666,-444.6666666666664,0.0,25.0,0.0,0.0,0,
2024-11-06,10:00,REST,Bmr,0,-56.66666666666666,-501.333333333333,0.0,25.0,0.0,0.0,0,
2024-11-06,10:01,FOOD,Eat,0.0,600.0,98.66666666666696,25.0,50.0,37.0,35.0,Porridge,
2024-11-06,10:47,TRAINING,Walk,"7,58 km",-438.0,-339.33333333333303,0.0,50.0,0.0,0.0,19,
2024-11-06,11:00,REST,Bmr,0,-56.66666666666666,-395.99999999999966,0.0,50.0,0.0,0.0,0,
2024-11-06,12:00,REST,Bmr,0,-56.66666666666666,-452.6666666666663,0.0,50.0,0.0,0.0,0,
2024-11-06,13:00,REST,Bmr,0,-56.66666666666666,-509.3333333333329,0.0,50.0,0.0,0.0,0,
2024-11-06,13:01,FOOD,Eat,0.0,127.0,-382.3333333333329,3.0,53.0,10.0,8.0,"Sandwish, butter, peanut butter",
2024-11-06,14:00,REST,Bmr,0,-56.66666666666666,-438.9999999999996,0.0,53.0,0.0,0.0,0,
2024-11-06,14:42,TRAINING,BIKE,0.0,-472.0,-910.9999999999995,0.0,53.0,0.0,0.0,TRIP,
2024-11-06,15:00,REST,Bmr,0,-56.66666666666666,-967.6666666666662,0.0,53.0,0.0,0.0,0,
2024-11-06,16:00,REST,Bmr,0,-56.66666666666666,-1024.3333333333328,0.0,53.0,0.0,0.0,0,
2024-11-06,16:30,FOOD,Eat,0.0,500.0,-524.3333333333328,27.0,80.0,26.0,30.0,"Broccoli, kaki, veg sausage, coleslaw, plum, egg, mozzarella",
2024-11-06,17:00,REST,Bmr,0,-56.66666666666666,-580.9999999999994,0.0,80.0,0.0,0.0,0,
2024-11-06,17:01,FOOD,Eat,0.0,443.0,-137.99999999999943,21.0,101.0,31.0,27.0,Protein bars,
2024-11-06,18:00,REST,Bmr,0,-56.66666666666666,-194.6666666666661,0.0,101.0,0.0,0.0,0,
2024-11-06,19:00,REST,Bmr,0,-56.66666666666666,-251.33333333333275,0.0,101.0,0.0,0.0,0,
2024-11-06,20:00,REST,Bmr,0,-56.66666666666666,-307.99999999999943,0.0,101.0,0.0,0.0,0,
2024-11-06,21:00,REST,Bmr,0,-56.66666666666666,-364.66666666666606,0.0,101.0,0.0,0.0,0,
2024-11-06,22:00,REST,Bmr,0,-56.66666666666666,-421.3333333333327,0.0,101.0,0.0,0.0,0,
2024-11-06,23:00,REST,Bmr,0,-56.66666666666666,-477.9999999999993,0.0,101.0,0.0,0.0,0,
2024-11-07,00:00,REST,Bmr,0,-56.66666666666666,-56.66666666666666,0.0,0.0,0.0,0.0,0,
2024-11-07,01:00,REST,Bmr,0,-56.66666666666666,-113.33333333333331,0.0,0.0,0.0,0.0,0,
2024-11-07,02:00,REST,Bmr,0,-56.66666666666666,-169.99999999999997,0.0,0.0,0.0,0.0,0,
2024-11-07,03:00,REST,Bmr,0,-56.66666666666666,-226.66666666666663,0.0,0.0,0.0,0.0,0,
2024-11-07,04:00,REST,Bmr,0,-56.66666666666666,-283.33333333333326,0.0,0.0,0.0,0.0,0,
2024-11-07,05:00,REST,Bmr,0,-56.66666666666666,-339.9999999999999,0.0,0.0,0.0,0.0,0,
2024-11-07,05:35,TRAINING,Walk,"8,47 km",-423.0,-762.9999999999999,0.0,0.0,0.0,0.0,15,
2024-11-07,06:00,REST,Bmr,0,-56.66666666666666,-819.6666666666665,0.0,0.0,0.0,0.0,0,
2024-11-07,07:00,REST,Bmr,0,-56.66666666666666,-876.3333333333331,0.0,0.0,0.0,0.0,0,
2024-11-07,07:30,FOOD,Eat,0.0,600.0,-276.33333333333314,25.0,25.0,37.0,35.0,Porridge,
2024-11-07,08:00,REST,Bmr,0,-56.66666666666666,-332.9999999999998,0.0,25.0,0.0,0.0,0,
2024-11-07,09:00,REST,Bmr,0,-56.66666666666666,-389.6666666666664,0.0,25.0,0.0,0.0,0,
2024-11-07,10:00,REST,Bmr,0,-56.66666666666666,-446.333333333333,0.0,25.0,0.0,0.0,0,
2024-11-07,11:00,REST,Bmr,0,-56.66666666666666,-502.99999999999966,0.0,25.0,0.0,0.0,0,
2024-11-07,11:05,TRAINING,Walk,"7,22 km",-396.0,-898.9999999999997,0.0,25.0,0.0,0.0,19,
2024-11-07,12:00,REST,Bmr,0,-56.66666666666666,-955.6666666666664,0.0,25.0,0.0,0.0,0,
2024-11-07,13:00,REST,Bmr,0,-56.66666666666666,-1012.3333333333328,0.0,25.0,0.0,0.0,0,
2024-11-07,13:30,FOOD,Eat,0.0,127.0,-885.3333333333329,3.0,28.0,10.0,8.0,"Sandwish, butter, peanut butter",
2024-11-07,14:00,REST,Bmr,0,-56.66666666666666,-941.9999999999995,0.0,28.0,0.0,0.0,0,
2024-11-07,14:30,FOOD,Eat,0.0,115.0,-826.9999999999995,0.0,28.0,30.0,0.0,Carbs,
2024-11-07,15:00,REST,Bmr,0,-56.66666666666666,-883.6666666666662,0.0,28.0,0.0,0.0,0,
2024-11-07,16:00,REST,Bmr,0,-56.66666666666666,-940.3333333333328,0.0,28.0,0.0,0.0,0,
2024-11-07,16:01,FOOD,Eat,0.0,500.0,-440.3333333333328,23.0,51.0,35.0,27.0,"Broccoli, veg. burger, halloumi, egg, watermelon, grapes, coleslaw, bea",
2024-11-07,16:30,FOOD,Eat,0.0,337.0,-103.3333333333328,19.0,70.0,27.0,18.0,Proteinbars,
2024-11-07,17:00,REST,Bmr,0,-56.66666666666666,-159.99999999999946,0.0,70.0,0.0,0.0,0,
2024-11-07,18:00,REST,Bmr,0,-56.66666666666666,-216.6666666666661,0.0,70.0,0.0,0.0,0,
2024-11-07,19:00,REST,Bmr,0,-56.66666666666666,-273.3333333333328,0.0,70.0,0.0,0.0,0,
2024-11-07,20:00,REST,Bmr,0,-56.66666666666666,-329.99999999999943,0.0,70.0,0.0,0.0,0,
2024-11-07,21:00,REST,Bmr,0,-56.66666666666666,-386.66666666666606,0.0,70.0,0.0,0.0,0,
2024-11-07,22:00,REST,Bmr,0,-56.66666666666666,-443.3333333333327,0.0,70.0,0.0,0.0,0,
2024-11-07,23:00,REST,Bmr,0,-56.66666666666666,-499.9999999999993,0.0,70.0,0.0,0.0,0,
2024-11-08,00:00,REST,Bmr,0,-56.66666666666666,-56.66666666666666,0.0,0.0,0.0,0.0,0,
2024-11-08,01:00,REST,Bmr,0,-56.66666666666666,-113.33333333333331,0.0,0.0,0.0,0.0,0,
2024-11-08,02:00,REST,Bmr,0,-56.66666666666666,-169.99999999999997,0.0,0.0,0.0,0.0,0,
2024-11-08,03:00,REST,Bmr,0,-56.66666666666666,-226.66666666666663,0.0,0.0,0.0,0.0,0,
2024-11-08,04:00,REST,Bmr,0,-56.66666666666666,-283.33333333333326,0.0,0.0,0.0,0.0,0,
2024-11-08,04:13,TRAINING,Walk,"8,41 km",-443.0,-726.3333333333333,0.0,0.0,0.0,0.0,14,
2024-11-08,05:00,REST,Bmr,0,-56.66666666666666,-782.9999999999999,0.0,0.0,0.0,0.0,0,
2024-11-08,06:00,REST,Bmr,0,-56.66666666666666,-839.6666666666665,0.0,0.0,0.0,0.0,0,
2024-11-08,06:20,FOOD,Eat,0.0,600.0,-239.6666666666665,25.0,25.0,37.0,35.0,Porridge,
2024-11-08,07:00,REST,Bmr,0,-56.66666666666666,-296.33333333333314,0.0,25.0,0.0,0.0,0,
2024-11-08,08:00,REST,Bmr,0,-56.66666666666666,-352.9999999999998,0.0,25.0,0.0,0.0,0,
2024-11-08,09:00,REST,Bmr,0,-56.66666666666666,-409.6666666666664,0.0,25.0,0.0,0.0,0,
2024-11-08,09:30,FOOD,Eat,0.0,600.0,190.3333333333336,25.0,50.0,37.0,35.0,Porridge,
2024-11-08,10:00,REST,Bmr,0,-56.66666666666666,133.66666666666694,0.0,50.0,0.0,0.0,0,
2024-11-08,10:12,TRAINING,Walk,"7,91 km",-458.0,-324.33333333333303,0.0,50.0,0.0,0.0,17,
2024-11-08,11:00,REST,Bmr,0,-56.66666666666666,-380.99999999999966,0.0,50.0,0.0,0.0,0,
2024-11-08,12:00,REST,Bmr,0,-56.66666666666666,-437.6666666666663,0.0,50.0,0.0,0.0,0,
2024-11-08,13:00,REST,Bmr,0,-56.66666666666666,-494.3333333333329,0.0,50.0,0.0,0.0,0,
2024-11-08,14:00,REST,Bmr,0,-56.66666666666666,-550.9999999999995,0.0,50.0,0.0,0.0,0,
2024-11-08,14:55,FOOD,Eat,0.0,520.0,-30.999999999999545,28.0,78.0,29.0,31.0,"Watermelon, grapes, coleslaw, veg sausage, broccoli, bea, halloumi, egg",
2024-11-08,15:00,REST,Bmr,0,-56.66666666666666,-87.6666666666662,0.0,78.0,0.0,0.0,0,
2024-11-08,15:30,FOOD,Eat,0.0,443.0,355.3333333333338,21.0,99.0,31.0,27.0,Protein bars,
2024-11-08,16:00,REST,Bmr,0,-56.66666666666666,298.6666666666672,0.0,99.0,0.0,0.0,0,
2024-11-08,17:00,REST,Bmr,0,-56.66666666666666,242.0000000000005,0.0,99.0,0.0,0.0,0,
2024-11-08,18:00,REST,Bmr,0,-56.66666666666666,185.33333333333388,0.0,99.0,0.0,0.0,0,
2024-11-08,19:00,REST,Bmr,0,-56.66666666666666,128.66666666666725,0.0,99.0,0.0,0.0,0,
2024-11-08,20:00,REST,Bmr,0,-56.66666666666666,72.00000000000057,0.0,99.0,0.0,0.0,0,
2024-11-08,21:00,REST,Bmr,0,-56.66666666666666,15.333333333333911,0.0,99.0,0.0,0.0,0,
2024-11-08,22:00,REST,Bmr,0,-56.66666666666666,-41.333333333332746,0.0,99.0,0.0,0.0,0,
2024-11-08,23:00,REST,Bmr,0,-56.66666666666666,-97.9999999999994,0.0,99.0,0.0,0.0,0,
2024-11-09,00:00,REST,Bmr,0,-56.66666666666666,-56.66666666666666,0.0,0.0,0.0,0.0,0,
2024-11-09,01:00,REST,Bmr,0,-56.66666666666666,-113.33333333333331,0.0,0.0,0.0,0.0,0,
2024-11-09,02:00,REST,Bmr,0,-56.66666666666666,-169.99999999999997,0.0,0.0,0.0,0.0,0,
2024-11-09,03:00,REST,Bmr,0,-56.66666666666666,-226.66666666666663,0.0,0.0,0.0,0.0,0,
2024-11-09,04:00,REST,Bmr,0,-56.66666666666666,-283.33333333333326,0.0,0.0,0.0,0.0,0,
2024-11-09,04:38,FOOD,Eat,0.0,600.0,316.66666666666674,25.0,25.0,37.0,35.0,Protein shake,
2024-11-09,05:00,REST,Bmr,0,-56.66666666666666,260.0000000000001,0.0,25.0,0.0,0.0,0,
2024-11-09,05:21,TRAINING,Walk,"8,49 km",-435.0,-174.9999999999999,0.0,25.0,0.0,0.0,14,
2024-11-09,06:00,REST,Bmr,0,-56.66666666666666,-231.66666666666652,0.0,25.0,0.0,0.0,0,
2024-11-09,07:00,REST,Bmr,0,-56.66666666666666,-288.3333333333332,0.0,25.0,0.0,0.0,0,
2024-11-09,07:43,FOOD,Eat,0.0,600.0,311.6666666666668,25.0,50.0,37.0,35.0,Porridge,
2024-11-09,08:00,REST,Bmr,0,-56.66666666666666,255.0000000000001,0.0,50.0,0.0,0.0,0,
2024-11-09,09:00,REST,Bmr,0,-56.66666666666666,198.33333333333348,0.0,50.0,0.0,0.0,0,
2024-11-09,10:00,REST,Bmr,0,-56.66666666666666,141.66666666666683,0.0,50.0,0.0,0.0,0,
2024-11-09,10:32,FOOD,Eat,0.0,500.0,641.6666666666669,23.0,73.0,35.0,27.0,Indian curry with rice and <span>chickpeas</span>,
2024-11-09,11:00,REST,Bmr,0,-56.66666666666666,585.0000000000002,0.0,73.0,0.0,0.0,0,
2024-11-09,11:16,TRAINING,Walk,"8,68 km",-492.0,93.00000000000024,0.0,73.0,0.0,0.0,0,
2024-11-09,12:00,REST,Bmr,0,-56.66666666666666,36.33333333333357,0.0,73.0,0.0,0.0,0,
2024-11-09,13:00,REST,Bmr,0,-56.66666666666666,-20.333333333333087,0.0,73.0,0.0,0.0,0,
2024-11-09,13:45,FOOD,Eat,0.0,180.0,159.6666666666669,4.0,77.0,12.0,12.0,"Protein bar, piece of choclate/coffe",
2024-11-09,14:00,REST,Bmr,0,-56.66666666666666,103.00000000000026,0.0,77.0,0.0,0.0,0,
2024-11-09,15:00,REST,Bmr,0,-56.66666666666666,46.3333333333336,0.0,77.0,0.0,0.0,0,
2024-11-09,15:09,TRAINING,RUN,7.0 km,-354.0,-307.6666666666664,0.0,77.0,0.0,0.0,5'33'',
2024-11-09,16:00,REST,Bmr,0,-56.66666666666666,-364.333333333333,0.0,77.0,0.0,0.0,0,
2024-11-09,16:30,FOOD,Eat,0.0,476.0,111.66666666666696,21.0,98.0,26.0,27.0,"Falaffel, egg, halloumi, watermelon, broccoli, grapes, coleslaw, bea",
2024-11-09,17:00,REST,Bmr,0,-56.66666666666666,55.00000000000031,0.0,98.0,0.0,0.0,0,
2024-11-09,17:01,FOOD,Eat,0.0,396.0,451.00000000000034,19.0,117.0,42.0,18.0,"Protein bar, candy",
2024-11-09,18:00,REST,Bmr,0,-56.66666666666666,394.3333333333337,0.0,117.0,0.0,0.0,0,
2024-11-09,19:00,REST,Bmr,0,-56.66666666666666,337.6666666666671,0.0,117.0,0.0,0.0,0,
2024-11-09,20:00,REST,Bmr,0,-56.66666666666666,281.00000000000045,0.0,117.0,0.0,0.0,0,
2024-11-09,21:00,REST,Bmr,0,-56.66666666666666,224.3333333333338,0.0,117.0,0.0,0.0,0,
2024-11-09,22:00,REST,Bmr,0,-56.66666666666666,167.66666666666714,0.0,117.0,0.0,0.0,0,
2024-11-09,23:00,REST,Bmr,0,-56.66666666666666,111.00000000000048,0.0,117.0,0.0,0.0,0,
2024-11-10,00:00,REST,Bmr,0,-56.66666666666666,-56.66666666666666,0.0,0.0,0.0,0.0,0,
2024-11-10,01:00,REST,Bmr,0,-56.66666666666666,-113.33333333333331,0.0,0.0,0.0,0.0,0,
2024-11-10,02:00,REST,Bmr,0,-56.66666666666666,-169.99999999999997,0.0,0.0,0.0,0.0,0,
2024-11-10,03:00,REST,Bmr,0,-56.66666666666666,-226.66666666666663,0.0,0.0,0.0,0.0,0,
2024-11-10,04:00,REST,Bmr,0,-56.66666666666666,-283.33333333333326,0.0,0.0,0.0,0.0,0,
2024-11-10,04:52,FOOD,Eat,0.0,136.0,-147.33333333333326,25.0,25.0,3.0,2.0,"Protein shake, collagogen, msm, vitamins D, multivitamin",
2024-11-10,05:00,REST,Bmr,0,-56.66666666666666,-203.99999999999991,0.0,25.0,0.0,0.0,0,
2024-11-10,05:04,TRAINING,Walk,"8,57 km",-486.0,-689.9999999999999,0.0,25.0,0.0,0.0,0,
2024-11-10,06:00,REST,Bmr,0,-56.66666666666666,-746.6666666666665,0.0,25.0,0.0,0.0,0,
2024-11-10,07:00,REST,Bmr,0,-56.66666666666666,-803.3333333333331,0.0,25.0,0.0,0.0,0,
2024-11-10,07:30,FOOD,Eat,0.0,600.0,-203.33333333333317,25.0,50.0,37.0,35.0,Porridge,
2024-11-10,08:00,REST,Bmr,0,-56.66666666666666,-259.9999999999998,0.0,50.0,0.0,0.0,0,
2024-11-10,09:00,REST,Bmr,0,-56.66666666666666,-316.6666666666664,0.0,50.0,0.0,0.0,0,
2024-11-10,10:00,REST,Bmr,0,-56.66666666666666,-373.333333333333,0.0,50.0,0.0,0.0,0,
2024-11-10,10:30,FOOD,Eat,0.0,495.0,121.66666666666696,21.0,71.0,26.0,27.0,Yoghurt bowl,
2024-11-10,11:00,REST,Bmr,0,-56.66666666666666,65.00000000000031,0.0,71.0,0.0,0.0,0,
2024-11-10,11:09,TRAINING,Walk,"8,07 km",-659.0,-593.9999999999997,0.0,71.0,0.0,0.0,0,
2024-11-10,12:00,REST,Bmr,0,-56.66666666666666,-650.6666666666663,0.0,71.0,0.0,0.0,0,
2024-11-10,13:00,REST,Bmr,0,-56.66666666666666,-707.3333333333329,0.0,71.0,0.0,0.0,0,
2024-11-10,13:01,FOOD,Eat,0.0,180.0,-527.3333333333329,4.0,75.0,12.0,12.0,"Sandwish, butter, peanut butter, piece of choclate",
2024-11-10,13:22,TRAINING,BIKE,0.0,-191.0,-718.3333333333329,0.0,75.0,0.0,0.0,SPRINT,
2024-11-10,14:00,REST,Bmr,0,-56.66666666666666,-774.9999999999995,0.0,75.0,0.0,0.0,0,
2024-11-10,14:04,TRAINING,STR,0.0,-174.0,-948.9999999999995,0.0,75.0,0.0,0.0,BODYPUMP,
2024-11-10,15:00,REST,Bmr,0,-56.66666666666666,-1005.6666666666662,0.0,75.0,0.0,0.0,0,
2024-11-10,15:30,FOOD,Eat,0.0,520.0,-485.6666666666662,28.0,103.0,29.0,31.0,"Broccoli, watermelon, grapes, halloumi, coleslaw, bea, egg",
2024-11-10,16:00,REST,Bmr,0,-56.66666666666666,-542.3333333333328,0.0,103.0,0.0,0.0,0,
2024-11-10,16:01,FOOD,Eat,0.0,1000.0,457.6666666666672,10.0,113.0,260.0,0.0,Candy,
2024-11-10,17:00,REST,Bmr,0,-56.66666666666666,401.00000000000057,0.0,113.0,0.0,0.0,0,
2024-11-10,18:00,REST,Bmr,0,-56.66666666666666,344.33333333333394,0.0,113.0,0.0,0.0,0,
2024-11-10,19:00,REST,Bmr,0,-56.66666666666666,287.6666666666673,0.0,113.0,0.0,0.0,0,
2024-11-10,20:00,REST,Bmr,0,-56.66666666666666,231.00000000000065,0.0,113.0,0.0,0.0,0,
2024-11-10,21:00,REST,Bmr,0,-56.66666666666666,174.333333333334,0.0,113.0,0.0,0.0,0,
2024-11-10,22:00,REST,Bmr,0,-56.66666666666666,117.66666666666734,0.0,113.0,0.0,0.0,0,
2024-11-10,23:00,REST,Bmr,0,-56.66666666666666,61.00000000000068,0.0,113.0,0.0,0.0,0,
2024-11-11,00:00,REST,Bmr,0,-56.66666666666666,-56.66666666666666,0.0,0.0,0.0,0.0,0,
2024-11-11,01:00,REST,Bmr,0,-56.66666666666666,-113.33333333333331,0.0,0.0,0.0,0.0,0,
2024-11-11,02:00,REST,Bmr,0,-56.66666666666666,-169.99999999999997,0.0,0.0,0.0,0.0,0,
2024-11-11,03:00,REST,Bmr,0,-56.66666666666666,-226.66666666666663,0.0,0.0,0.0,0.0,0,
2024-11-11,04:00,REST,Bmr,0,-56.66666666666666,-283.33333333333326,0.0,0.0,0.0,0.0,0,
2024-11-11,05:00,REST,Bmr,0,-56.66666666666666,-339.9999999999999,0.0,0.0,0.0,0.0,0,
2024-11-11,05:19,TRAINING,Walk,"8,52 km",-436.0,-775.9999999999999,0.0,0.0,0.0,0.0,0,
2024-11-11,06:00,REST,Bmr,0,-56.66666666666666,-832.6666666666665,0.0,0.0,0.0,0.0,0,
2024-11-11,07:00,REST,Bmr,0,-56.66666666666666,-889.3333333333331,0.0,0.0,0.0,0.0,0,
2024-11-11,07:30,FOOD,Eat,0.0,600.0,-289.33333333333314,25.0,25.0,37.0,35.0,Porridge,
2024-11-11,08:00,REST,Bmr,0,-56.66666666666666,-345.9999999999998,0.0,25.0,0.0,0.0,0,
2024-11-11,09:00,REST,Bmr,0,-56.66666666666666,-402.6666666666664,0.0,25.0,0.0,0.0,0,
2024-11-11,10:00,REST,Bmr,0,-56.66666666666666,-459.333333333333,0.0,25.0,0.0,0.0,0,
2024-11-11,10:20,FOOD,Eat,0.0,495.0,35.66666666666697,21.0,46.0,26.0,27.0,Yoghurt bowl,
2024-11-11,10:59,TRAINING,Walk,"7,67 km",-472.0,-436.333333333333,0.0,46.0,0.0,0.0,0,
2024-11-11,11:00,REST,Bmr,0,-56.66666666666666,-492.99999999999966,0.0,46.0,0.0,0.0,0,
2024-11-11,12:00,REST,Bmr,0,-56.66666666666666,-549.6666666666663,0.0,46.0,0.0,0.0,0,
2024-11-11,13:00,REST,Bmr,0,-56.66666666666666,-606.3333333333329,0.0,46.0,0.0,0.0,0,
2024-11-11,13:01,FOOD,Eat,0.0,127.0,-479.3333333333329,3.0,49.0,10.0,8.0,"Sandwish, butter, peanut butter",
2024-11-11,14:00,REST,Bmr,0,-56.66666666666666,-535.9999999999995,0.0,49.0,0.0,0.0,0,
2024-11-11,14:01,TRAINING,SWIM,1900 m,-465.0,-1000.9999999999995,0.0,49.0,0.0,0.0,Ingen,
2024-11-11,15:00,REST,Bmr,0,-56.66666666666666,-1057.6666666666663,0.0,49.0,0.0,0.0,0,
2024-11-11,15:41,FOOD,Eat,0.0,434.0,-623.6666666666663,27.0,76.0,56.0,11.0,"Fried rice, red lentils, union, bryssel crout, tofu, sweet chili",
2024-11-11,16:00,REST,Bmr,0,-56.66666666666666,-680.3333333333329,0.0,76.0,0.0,0.0,0,
2024-11-11,16:01,FOOD,Eat,0.0,281.0,-399.3333333333329,9.0,85.0,26.0,16.0,"Protein bar, dates",
2024-11-11,17:00,REST,Bmr,0,-56.66666666666666,-455.9999999999996,0.0,85.0,0.0,0.0,0,
2024-11-11,17:01,FOOD,Eat,0.0,206.0,-249.99999999999957,8.0,93.0,21.0,10.0,Protein bar,
2024-11-11,18:00,REST,Bmr,0,-56.66666666666666,-306.6666666666662,0.0,93.0,0.0,0.0,0,
2024-11-11,19:00,REST,Bmr,0,-56.66666666666666,-363.3333333333328,0.0,93.0,0.0,0.0,0,
2024-11-11,20:00,REST,Bmr,0,-56.66666666666666,-419.9999999999994,0.0,93.0,0.0,0.0,0,
2024-11-11,21:00,REST,Bmr,0,-56.66666666666666,-476.66666666666606,0.0,93.0,0.0,0.0,0,
2024-11-11,22:00,REST,Bmr,0,-56.66666666666666,-533.3333333333327,0.0,93.0,0.0,0.0,0,
2024-11-11,23:00,REST,Bmr,0,-56.66666666666666,-589.9999999999993,0.0,93.0,0.0,0.0,0,
2024-11-12,00:00,REST,Bmr,0,-56.66666666666666,-56.66666666666666,0.0,0.0,0.0,0.0,0,
2024-11-12,01:00,REST,Bmr,0,-56.66666666666666,-113.33333333333331,0.0,0.0,0.0,0.0,0,
2024-11-12,02:00,REST,Bmr,0,-56.66666666666666,-169.99999999999997,0.0,0.0,0.0,0.0,0,
2024-11-12,03:00,REST,Bmr,0,-56.66666666666666,-226.66666666666663,0.0,0.0,0.0,0.0,0,
2024-11-12,04:00,REST,Bmr,0,-56.66666666666666,-283.33333333333326,0.0,0.0,0.0,0.0,0,
2024-11-12,04:30,FOOD,Eat,0.0,136.0,-147.33333333333326,25.0,25.0,3.0,2.0,"Protein shake, vitaminer, msm, kollagoen",
2024-11-12,04:42,TRAINING,Walk,"10,88 km",-510.0,-657.3333333333333,0.0,25.0,0.0,0.0,0,
2024-11-12,05:00,REST,Bmr,0,-56.66666666666666,-713.9999999999999,0.0,25.0,0.0,0.0,0,
2024-11-12,06:00,REST,Bmr,0,-56.66666666666666,-770.6666666666665,0.0,25.0,0.0,0.0,0,
2024-11-12,07:00,REST,Bmr,0,-56.66666666666666,-827.3333333333331,0.0,25.0,0.0,0.0,0,
2024-11-12,07:01,FOOD,Eat,0.0,600.0,-227.33333333333317,25.0,50.0,37.0,35.0,Porridge,
2024-11-12,08:00,REST,Bmr,0,-56.66666666666666,-283.9999999999998,0.0,50.0,0.0,0.0,0,
2024-11-12,09:00,REST,Bmr,0,-56.66666666666666,-340.6666666666664,0.0,50.0,0.0,0.0,0,
2024-11-12,10:00,REST,Bmr,0,-56.66666666666666,-397.333333333333,0.0,50.0,0.0,0.0,0,
2024-11-12,10:01,FOOD,Eat,0.0,495.0,97.66666666666696,21.0,71.0,26.0,27.0,Yoghurt bowl,
2024-11-12,10:30,TRAINING,Walk,"7,64 km",-425.0,-327.33333333333303,0.0,71.0,0.0,0.0,0,
2024-11-12,11:00,REST,Bmr,0,-56.66666666666666,-383.99999999999966,0.0,71.0,0.0,0.0,0,
2024-11-12,12:00,REST,Bmr,0,-56.66666666666666,-440.6666666666663,0.0,71.0,0.0,0.0,0,
2024-11-12,13:00,REST,Bmr,0,-56.66666666666666,-497.3333333333329,0.0,71.0,0.0,0.0,0,
2024-11-12,13:01,FOOD,Eat,0.0,173.0,-324.3333333333329,4.0,75.0,13.0,6.0,"Sandwish, butter, peanut butter, piece of protein bar",
2024-11-12,14:00,REST,Bmr,0,-56.66666666666666,-380.9999999999996,0.0,75.0,0.0,0.0,0,
2024-11-12,14:01,FOOD,Eat,0.0,115.0,-265.99999999999955,0.0,75.0,30.0,0.0,Supercarb,
2024-11-12,14:29,TRAINING,RUN,10.0 km,-533.0,-798.9999999999995,0.0,75.0,0.0,0.0,5'45'',
2024-11-12,15:00,REST,Bmr,0,-56.66666666666666,-855.6666666666662,0.0,75.0,0.0,0.0,0,
2024-11-12,16:00,REST,Bmr,0,-56.66666666666666,-912.3333333333328,0.0,75.0,0.0,0.0,0,
2024-11-12,16:01,FOOD,Eat,0.0,413.0,-499.3333333333328,27.0,102.0,51.0,11.0,"Fried rice, red lentils, bryssel crout, onion, egg, tofu, oyster sauce",
2024-11-12,16:30,FOOD,Eat,0.0,259.0,-240.3333333333328,15.0,117.0,21.0,10.0,Protein bar mix,
2024-11-12,17:00,REST,Bmr,0,-56.66666666666666,-296.99999999999943,0.0,117.0,0.0,0.0,0,
2024-11-12,18:00,REST,Bmr,0,-56.66666666666666,-353.66666666666606,0.0,117.0,0.0,0.0,0,
2024-11-12,19:00,REST,Bmr,0,-56.66666666666666,-410.3333333333327,0.0,117.0,0.0,0.0,0,
2024-11-12,20:00,REST,Bmr,0,-56.66666666666666,-466.9999999999993,0.0,117.0,0.0,0.0,0,
2024-11-12,21:00,REST,Bmr,0,-56.66666666666666,-523.666666666666,0.0,117.0,0.0,0.0,0,
2024-11-12,22:00,REST,Bmr,0,-56.66666666666666,-580.3333333333326,0.0,117.0,0.0,0.0,0,
2024-11-12,23:00,REST,Bmr,0,-56.66666666666666,-636.9999999999992,0.0,117.0,0.0,0.0,0,
2024-11-13,00:00,REST,Bmr,0,-56.66666666666666,-56.66666666666666,0.0,0.0,0.0,0.0,0,
2024-11-13,01:00,REST,Bmr,0,-56.66666666666666,-113.33333333333331,0.0,0.0,0.0,0.0,0,
2024-11-13,02:00,REST,Bmr,0,-56.66666666666666,-169.99999999999997,0.0,0.0,0.0,0.0,0,
2024-11-13,03:00,REST,Bmr,0,-56.66666666666666,-226.66666666666663,0.0,0.0,0.0,0.0,0,
2024-11-13,04:00,REST,Bmr,0,-56.66666666666666,-283.33333333333326,0.0,0.0,0.0,0.0,0,
2024-11-13,04:01,FOOD,Eat,0.0,136.0,-147.33333333333326,25.0,25.0,3.0,2.0,"Protein shake, vitaminer, msm, colagoen",
2024-11-13,04:38,TRAINING,Walk,"8,94 km",-585.0,-732.3333333333333,0.0,25.0,0.0,0.0,0,
2024-11-13,05:00,REST,Bmr,0,-56.66666666666666,-788.9999999999999,0.0,25.0,0.0,0.0,0,
2024-11-13,06:00,REST,Bmr,0,-56.66666666666666,-845.6666666666665,0.0,25.0,0.0,0.0,0,
2024-11-13,07:00,REST,Bmr,0,-56.66666666666666,-902.3333333333331,0.0,25.0,0.0,0.0,0,
2024-11-13,07:01,FOOD,Eat,0.0,600.0,-302.33333333333314,25.0,50.0,37.0,35.0,Porridge,
2024-11-13,08:00,REST,Bmr,0,-56.66666666666666,-358.9999999999998,0.0,50.0,0.0,0.0,0,
2024-11-13,09:00,REST,Bmr,0,-56.66666666666666,-415.6666666666664,0.0,50.0,0.0,0.0,0,
2024-11-13,10:00,REST,Bmr,0,-56.66666666666666,-472.333333333333,0.0,50.0,0.0,0.0,0,
2024-11-13,10:01,FOOD,Eat,0.0,495.0,22.66666666666697,21.0,71.0,26.0,27.0,Yoghurt bowl,
2024-11-13,10:29,TRAINING,Walk,"7,63 km",-467.0,-444.333333333333,0.0,71.0,0.0,0.0,0,
2024-11-13,11:00,REST,Bmr,0,-56.66666666666666,-500.99999999999966,0.0,71.0,0.0,0.0,0,
2024-11-13,12:00,REST,Bmr,0,-56.66666666666666,-557.6666666666663,0.0,71.0,0.0,0.0,0,
2024-11-13,12:49,FOOD,Eat,0.0,214.0,-343.6666666666663,5.0,76.0,14.0,12.0,"Sandwish, butter, hårdost emmentaler 30, Wafer nicks",
2024-11-13,13:00,REST,Bmr,0,-56.66666666666666,-400.3333333333329,0.0,76.0,0.0,0.0,0,
2024-11-13,14:00,REST,Bmr,0,-56.66666666666666,-456.9999999999996,0.0,76.0,0.0,0.0,0,
2024-11-13,14:00,TRAINING,BIKE,0.0,-200.0,-656.9999999999995,0.0,76.0,0.0,0.0,RPM,
2024-11-13,14:30,TRAINING,STR,0.0,-193.0,-849.9999999999995,0.0,76.0,0.0,0.0,BODYPUMP,
2024-11-13,15:00,REST,Bmr,0,-56.66666666666666,-906.6666666666662,0.0,76.0,0.0,0.0,0,
2024-11-13,16:00,REST,Bmr,0,-56.66666666666666,-963.3333333333328,0.0,76.0,0.0,0.0,0,
2024-11-13,16:23,FOOD,Eat,0.0,499.0,-464.3333333333328,14.0,90.0,26.0,30.0,"Broccoil, yellow kiwi, watermelon, veg. burger, halloumi, fried egg, coleslaw, bea",
2024-11-13,17:00,REST,Bmr,0,-56.66666666666666,-520.9999999999994,0.0,90.0,0.0,0.0,0,
2024-11-13,17:01,FOOD,Eat,0.0,351.0,-169.99999999999943,13.0,103.0,25.0,16.0,"Protein bar, dark choklad 85, marabou dukat, dates peanut",
2024-11-13,18:00,REST,Bmr,0,-56.66666666666666,-226.6666666666661,0.0,103.0,0.0,0.0,0,
2024-11-13,19:00,REST,Bmr,0,-56.66666666666666,-283.33333333333275,0.0,103.0,0.0,0.0,0,
2024-11-13,20:00,REST,Bmr,0,-56.66666666666666,-339.99999999999943,0.0,103.0,0.0,0.0,0,
2024-11-13,21:00,REST,Bmr,0,-56.66666666666666,-396.66666666666606,0.0,103.0,0.0,0.0,0,
2024-11-13,22:00,REST,Bmr,0,-56.66666666666666,-453.3333333333327,0.0,103.0,0.0,0.0,0,
2024-11-13,23:00,REST,Bmr,0,-56.66666666666666,-509.9999999999993,0.0,103.0,0.0,0.0,0,
2024-11-14,00:00,REST,Bmr,0,-56.66666666666666,-56.66666666666666,0.0,0.0,0.0,0.0,0,
2024-11-14,01:00,REST,Bmr,0,-56.66666666666666,-113.33333333333331,0.0,0.0,0.0,0.0,0,
2024-11-14,02:00,REST,Bmr,0,-56.66666666666666,-169.99999999999997,0.0,0.0,0.0,0.0,0,
2024-11-14,03:00,REST,Bmr,0,-56.66666666666666,-226.66666666666663,0.0,0.0,0.0,0.0,0,
2024-11-14,04:00,REST,Bmr,0,-56.66666666666666,-283.33333333333326,0.0,0.0,0.0,0.0,0,
2024-11-14,04:30,FOOD,Eat,0.0,90.0,-193.3333333333333,16.0,16.0,2.0,2.0,"Protein shake sun warrior, vitamines, msm, colagoen",
2024-11-14,04:51,TRAINING,Walk,"8,96 km",-526.0,-719.3333333333333,0.0,16.0,0.0,0.0,0,
2024-11-14,05:00,REST,Bmr,0,-56.66666666666666,-775.9999999999999,0.0,16.0,0.0,0.0,0,
2024-11-14,06:00,REST,Bmr,0,-56.66666666666666,-832.6666666666665,0.0,16.0,0.0,0.0,0,
2024-11-14,07:00,REST,Bmr,0,-56.66666666666666,-889.3333333333331,0.0,16.0,0.0,0.0,0,
2024-11-14,07:01,FOOD,Eat,0.0,600.0,-289.33333333333314,25.0,41.0,37.0,35.0,Porridge,
2024-11-14,08:00,REST,Bmr,0,-56.66666666666666,-345.9999999999998,0.0,41.0,0.0,0.0,0,
2024-11-14,09:00,REST,Bmr,0,-56.66666666666666,-402.6666666666664,0.0,41.0,0.0,0.0,0,
2024-11-14,10:00,REST,Bmr,0,-56.66666666666666,-459.333333333333,0.0,41.0,0.0,0.0,0,
2024-11-14,10:30,FOOD,Eat,0.0,600.0,140.66666666666697,25.0,66.0,37.0,35.0,Porridge,
2024-11-14,10:53,TRAINING,Walk,"7,88 km",-453.0,-312.33333333333303,0.0,66.0,0.0,0.0,0,
2024-11-14,11:00,REST,Bmr,0,-56.66666666666666,-368.99999999999966,0.0,66.0,0.0,0.0,0,
2024-11-14,12:00,REST,Bmr,0,-56.66666666666666,-425.6666666666663,0.0,66.0,0.0,0.0,0,
2024-11-14,13:00,REST,Bmr,0,-56.66666666666666,-482.3333333333329,0.0,66.0,0.0,0.0,0,
2024-11-14,13:23,TRAINING,SWIM,1400 m,-346.0,-828.3333333333329,0.0,66.0,0.0,0.0,Ingen,
2024-11-14,14:00,REST,Bmr,0,-56.66666666666666,-884.9999999999995,0.0,66.0,0.0,0.0,0,
2024-11-14,14:01,FOOD,Eat,0.0,62.0,-822.9999999999995,0.0,66.0,13.0,0.0,Rött äpple royal gala,
2024-11-14,15:00,REST,Bmr,0,-56.66666666666666,-879.6666666666662,0.0,66.0,0.0,0.0,0,
2024-11-14,16:00,REST,Bmr,0,-56.66666666666666,-936.3333333333328,0.0,66.0,0.0,0.0,0,
2024-11-14,16:30,FOOD,Eat,0.0,471.0,-465.3333333333328,20.0,86.0,22.0,26.0,"Veg korv, grönkålsbiff, stekt ägg, vattenmelon, broccoli, grillost chili, gul kiwi bea, koreansk morotssallad",
2024-11-14,17:00,REST,Bmr,0,-56.66666666666666,-521.9999999999994,0.0,86.0,0.0,0.0,0,
2024-11-14,17:01,FOOD,Eat,0.0,414.0,-107.99999999999945,13.0,99.0,32.0,19.0,"Protein bars, dadlar peanut, mörk choklad 85%, marabou dukat",
2024-11-14,18:00,REST,Bmr,0,-56.66666666666666,-164.6666666666661,0.0,99.0,0.0,0.0,0,
2024-11-14,19:00,REST,Bmr,0,-56.66666666666666,-221.33333333333275,0.0,99.0,0.0,0.0,0,
2024-11-14,20:00,REST,Bmr,0,-56.66666666666666,-277.99999999999943,0.0,99.0,0.0,0.0,0,
2024-11-14,21:00,REST,Bmr,0,-56.66666666666666,-334.66666666666606,0.0,99.0,0.0,0.0,0,
2024-11-14,22:00,REST,Bmr,0,-56.66666666666666,-391.3333333333327,0.0,99.0,0.0,0.0,0,
2024-11-14,23:00,REST,Bmr,0,-56.66666666666666,-447.9999999999993,0.0,99.0,0.0,0.0,0,
2024-11-15,00:00,REST,Bmr,0,-56.66666666666666,-56.66666666666666,0.0,0.0,0.0,0.0,0,
2024-11-15,01:00,REST,Bmr,0,-56.66666666666666,-113.33333333333331,0.0,0.0,0.0,0.0,0,
2024-11-15,02:00,REST,Bmr,0,-56.66666666666666,-169.99999999999997,0.0,0.0,0.0,0.0,0,
2024-11-15,03:00,REST,Bmr,0,-56.66666666666666,-226.66666666666663,0.0,0.0,0.0,0.0,0,
2024-11-15,04:00,REST,Bmr,0,-56.66666666666666,-283.33333333333326,0.0,0.0,0.0,0.0,0,
2024-11-15,04:01,FOOD,Eat,0.0,90.0,-193.3333333333333,16.0,16.0,2.0,2.0,"Protein shake, msm, colagogen, vitamines",
2024-11-15,04:09,TRAINING,Walk,"8,67 km",-498.0,-691.3333333333333,0.0,16.0,0.0,0.0,0,
2024-11-15,05:00,REST,Bmr,0,-56.66666666666666,-747.9999999999999,0.0,16.0,0.0,0.0,0,
2024-11-15,06:00,REST,Bmr,0,-56.66666666666666,-804.6666666666665,0.0,16.0,0.0,0.0,0,
2024-11-15,06:30,FOOD,Eat,0.0,600.0,-204.6666666666665,25.0,41.0,37.0,35.0,Porridge,
2024-11-15,07:00,REST,Bmr,0,-56.66666666666666,-261.33333333333314,0.0,41.0,0.0,0.0,0,
2024-11-15,08:00,REST,Bmr,0,-56.66666666666666,-317.9999999999998,0.0,41.0,0.0,0.0,0,
2024-11-15,09:00,REST,Bmr,0,-56.66666666666666,-374.6666666666664,0.0,41.0,0.0,0.0,0,
2024-11-15,09:09,FOOD,Eat,0.0,600.0,225.3333333333336,25.0,66.0,37.0,35.0,Porridge,
2024-11-15,10:00,REST,Bmr,0,-56.66666666666666,168.66666666666694,0.0,66.0,0.0,0.0,0,
2024-11-15,10:23,TRAINING,Walk,"7,61 km",-459.0,-290.33333333333303,0.0,66.0,0.0,0.0,0,
2024-11-15,11:00,REST,Bmr,0,-56.66666666666666,-346.99999999999966,0.0,66.0,0.0,0.0,0,
2024-11-15,12:00,REST,Bmr,0,-56.66666666666666,-403.6666666666663,0.0,66.0,0.0,0.0,0,
2024-11-15,12:02,FOOD,Eat,0.0,115.0,-288.6666666666663,0.0,66.0,30.0,0.0,Supercarbs,
2024-11-15,12:12,TRAINING,RUN,7.07 km,-337.0,-625.6666666666663,0.0,66.0,0.0,0.0,5'30'',
2024-11-15,13:00,REST,Bmr,0,-56.66666666666666,-682.3333333333329,0.0,66.0,0.0,0.0,0,
2024-11-15,13:15,FOOD,Eat,0.0,144.0,-538.3333333333329,4.0,70.0,9.0,7.0,"Sandwish, butter, cheese",
2024-11-15,14:00,REST,Bmr,0,-56.66666666666666,-594.9999999999995,0.0,70.0,0.0,0.0,0,
2024-11-15,15:00,REST,Bmr,0,-56.66666666666666,-651.6666666666662,0.0,70.0,0.0,0.0,0,
2024-11-15,15:30,FOOD,Eat,0.0,471.0,-180.66666666666617,20.0,90.0,22.0,26.0,Köpsallad,
2024-11-15,16:00,REST,Bmr,0,-56.66666666666666,-237.33333333333283,0.0,90.0,0.0,0.0,0,
2024-11-15,16:01,FOOD,Eat,0.0,378.0,140.66666666666717,15.0,105.0,35.0,16.0,"Protein bars, marabou dukat",
2024-11-15,17:00,REST,Bmr,0,-56.66666666666666,84.00000000000051,0.0,105.0,0.0,0.0,0,
2024-11-15,18:00,REST,Bmr,0,-56.66666666666666,27.33333333333385,0.0,105.0,0.0,0.0,0,
2024-11-15,19:00,REST,Bmr,0,-56.66666666666666,-29.333333333332803,0.0,105.0,0.0,0.0,0,
2024-11-15,20:00,REST,Bmr,0,-56.66666666666666,-85.99999999999946,0.0,105.0,0.0,0.0,0,
2024-11-15,21:00,REST,Bmr,0,-56.66666666666666,-142.66666666666612,0.0,105.0,0.0,0.0,0,
2024-11-15,22:00,REST,Bmr,0,-56.66666666666666,-199.3333333333328,0.0,105.0,0.0,0.0,0,
2024-11-15,23:00,REST,Bmr,0,-56.66666666666666,-255.99999999999943,0.0,105.0,0.0,0.0,0,
2024-11-16,00:00,REST,Bmr,0,-56.66666666666666,-56.66666666666666,0.0,0.0,0.0,0.0,0,
2024-11-16,01:00,REST,Bmr,0,-56.66666666666666,-113.33333333333331,0.0,0.0,0.0,0.0,0,
2024-11-16,02:00,REST,Bmr,0,-56.66666666666666,-169.99999999999997,0.0,0.0,0.0,0.0,0,
2024-11-16,03:00,REST,Bmr,0,-56.66666666666666,-226.66666666666663,0.0,0.0,0.0,0.0,0,
2024-11-16,04:00,REST,Bmr,0,-56.66666666666666,-283.33333333333326,0.0,0.0,0.0,0.0,0,
2024-11-16,04:10,TRAINING,Walk,8.90 km,-526.0,-809.3333333333333,0.0,0.0,0.0,0.0,0,
2024-11-16,05:00,REST,Bmr,0,-56.66666666666666,-865.9999999999999,0.0,0.0,0.0,0.0,0,
2024-11-16,06:00,REST,Bmr,0,-56.66666666666666,-922.6666666666664,0.0,0.0,0.0,0.0,0,
2024-11-16,06:30,FOOD,Eat,0.0,600.0,-322.6666666666665,25.0,25.0,37.0,35.0,Porridge,
2024-11-16,07:00,REST,Bmr,0,-56.66666666666666,-379.33333333333314,0.0,25.0,0.0,0.0,0,
2024-11-16,08:00,REST,Bmr,0,-56.66666666666666,-435.9999999999998,0.0,25.0,0.0,0.0,0,
2024-11-16,08:51,FOOD,Eat,0.0,90.0,-345.9999999999998,16.0,41.0,2.0,2.0,"Protein shake, msm, collagogen, vitamines",
2024-11-16,09:00,REST,Bmr,0,-56.66666666666666,-402.6666666666664,0.0,41.0,0.0,0.0,0,
2024-11-16,09:57,TRAINING,Walk,9.0 km,-572.0,-974.6666666666664,0.0,41.0,0.0,0.0,0,
2024-11-16,10:00,REST,Bmr,0,-56.66666666666666,-1031.333333333333,0.0,41.0,0.0,0.0,0,
2024-11-16,11:00,REST,Bmr,0,-56.66666666666666,-1087.9999999999998,0.0,41.0,0.0,0.0,0,
2024-11-16,11:54,FOOD,Eat,0.0,399.0,-688.9999999999998,14.0,55.0,25.0,20.0,"Vattenmelon. gul kiwi, koreansk morotssallad, bea, falafel, grönkålsbiff, grillost, stekt ägg",
2024-11-16,12:00,REST,Bmr,0,-56.66666666666666,-745.6666666666664,0.0,55.0,0.0,0.0,0,
2024-11-16,12:28,FOOD,Eat,0.0,244.0,-501.6666666666664,15.0,70.0,25.0,8.0,"Protein bars, dadlar lakrits",
2024-11-16,13:00,REST,Bmr,0,-56.66666666666666,-558.333333333333,0.0,70.0,0.0,0.0,0,
2024-11-16,13:19,TRAINING,STR,0.0,-193.0,-751.333333333333,0.0,70.0,0.0,0.0,GYM,
2024-11-16,14:00,REST,Bmr,0,-56.66666666666666,-807.9999999999997,0.0,70.0,0.0,0.0,0,
2024-11-16,15:00,REST,Bmr,0,-56.66666666666666,-864.6666666666663,0.0,70.0,0.0,0.0,0,
2024-11-16,15:51,FOOD,Eat,0.0,439.0,-425.6666666666663,18.0,88.0,30.0,22.0,"Vattenmelon. gul kiwi, koreansk morotssallad, bea, falafel, grillost, stekt ägg, hallon",
2024-11-16,16:00,REST,Bmr,0,-56.66666666666666,-482.3333333333329,0.0,88.0,0.0,0.0,0,
2024-11-16,16:14,FOOD,Eat,0.0,260.0,-222.3333333333329,13.0,101.0,28.0,8.0,"Protein bars, dadlar lakrits",
2024-11-16,17:00,REST,Bmr,0,-56.66666666666666,-278.99999999999955,0.0,101.0,0.0,0.0,0,
2024-11-16,18:00,REST,Bmr,0,-56.66666666666666,-335.6666666666662,0.0,101.0,0.0,0.0,0,
2024-11-16,19:00,REST,Bmr,0,-56.66666666666666,-392.3333333333328,0.0,101.0,0.0,0.0,0,
2024-11-16,20:00,REST,Bmr,0,-56.66666666666666,-448.9999999999994,0.0,101.0,0.0,0.0,0,
2024-11-16,21:00,REST,Bmr,0,-56.66666666666666,-505.66666666666606,0.0,101.0,0.0,0.0,0,
2024-11-16,22:00,REST,Bmr,0,-56.66666666666666,-562.3333333333327,0.0,101.0,0.0,0.0,0,
2024-11-16,23:00,REST,Bmr,0,-56.66666666666666,-618.9999999999993,0.0,101.0,0.0,0.0,0,
2024-11-17,00:00,REST,Bmr,0,-56.66666666666666,-56.66666666666666,0.0,0.0,0.0,0.0,0,
2024-11-17,01:00,REST,Bmr,0,-56.66666666666666,-113.33333333333331,0.0,0.0,0.0,0.0,0,
2024-11-17,02:00,REST,Bmr,0,-56.66666666666666,-169.99999999999997,0.0,0.0,0.0,0.0,0,
2024-11-17,03:00,REST,Bmr,0,-56.66666666666666,-226.66666666666663,0.0,0.0,0.0,0.0,0,
2024-11-17,04:00,REST,Bmr,0,-56.66666666666666,-283.33333333333326,0.0,0.0,0.0,0.0,0,
2024-11-17,04:10,TRAINING,Walk,9.18 km,-541.0,-824.3333333333333,0.0,0.0,0.0,0.0,0,
2024-11-17,05:00,REST,Bmr,0,-56.66666666666666,-880.9999999999999,0.0,0.0,0.0,0.0,0,
2024-11-17,06:00,REST,Bmr,0,-56.66666666666666,-937.6666666666664,0.0,0.0,0.0,0.0,0,
2024-11-17,06:34,FOOD,Eat,0.0,600.0,-337.6666666666665,25.0,25.0,37.0,35.0,Porridge,
2024-11-17,07:00,REST,Bmr,0,-56.66666666666666,-394.33333333333314,0.0,25.0,0.0,0.0,0,
2024-11-17,08:00,REST,Bmr,0,-56.66666666666666,-450.9999999999998,0.0,25.0,0.0,0.0,0,
2024-11-17,09:00,REST,Bmr,0,-56.66666666666666,-507.6666666666664,0.0,25.0,0.0,0.0,0,
2024-11-17,09:42,TRAINING,Walk,3.95 km,-221.0,-728.6666666666664,0.0,25.0,0.0,0.0,0,
2024-11-17,10:00,REST,Bmr,0,-56.66666666666666,-785.333333333333,0.0,25.0,0.0,0.0,0,
2024-11-17,11:00,REST,Bmr,0,-56.66666666666666,-841.9999999999997,0.0,25.0,0.0,0.0,0,
2024-11-17,11:12,FOOD,Eat,0.0,423.0,-418.99999999999966,14.0,39.0,34.0,20.0,"Vattenmelon. gul kiwi, koreansk morotssallad, bea, falafel, grönkålsbiff, stekt ägg",
2024-11-17,11:34,FOOD,Eat,0.0,288.0,-130.99999999999966,13.0,52.0,26.0,10.0,"Protein bars, dadlar lakrits, mörk choklad 85%",
2024-11-17,12:00,REST,Bmr,0,-56.66666666666666,-187.66666666666632,0.0,52.0,0.0,0.0,0,
2024-11-17,13:00,REST,Bmr,0,-56.66666666666666,-244.33333333333297,0.0,52.0,0.0,0.0,0,
2024-11-17,13:01,TRAINING,Walk,3.89 km,-224.0,-468.333333333333,0.0,52.0,0.0,0.0,0,
2024-11-17,14:00,REST,Bmr,0,-56.66666666666666,-524.9999999999997,0.0,52.0,0.0,0.0,0,
2024-11-17,15:00,REST,Bmr,0,-56.66666666666666,-581.6666666666663,0.0,52.0,0.0,0.0,0,
2024-11-17,16:00,REST,Bmr,0,-56.66666666666666,-638.3333333333329,0.0,52.0,0.0,0.0,0,
2024-11-17,16:26,FOOD,Eat,0.0,416.0,-222.3333333333329,13.0,65.0,36.0,19.0,"Vattenmelon. gul kiwi, koreansk morotssallad, bea, falafel, grönkålsbiff, stekt ägg",
2024-11-17,16:43,FOOD,Eat,0.0,407.0,184.66666666666708,11.0,76.0,44.0,14.0,"Protein bars, dadlar lakrits, dadelboll jordnöt, snickers bar",
2024-11-17,17:00,REST,Bmr,0,-56.66666666666666,128.00000000000043,0.0,76.0,0.0,0.0,0,
2024-11-17,18:00,REST,Bmr,0,-56.66666666666666,71.33333333333377,0.0,76.0,0.0,0.0,0,
2024-11-17,19:00,REST,Bmr,0,-56.66666666666666,14.666666666667112,0.0,76.0,0.0,0.0,0,
2024-11-17,20:00,REST,Bmr,0,-56.66666666666666,-41.999999999999545,0.0,76.0,0.0,0.0,0,
2024-11-17,21:00,REST,Bmr,0,-56.66666666666666,-98.6666666666662,0.0,76.0,0.0,0.0,0,
2024-11-17,22:00,REST,Bmr,0,-56.66666666666666,-155.33333333333286,0.0,76.0,0.0,0.0,0,
2024-11-17,23:00,REST,Bmr,0,-56.66666666666666,-211.99999999999952,0.0,76.0,0.0,0.0,0,
2024-11-18,00:00,REST,Bmr,0,-56.66666666666666,-56.66666666666666,0.0,0.0,0.0,0.0,0,
2024-11-18,01:00,REST,Bmr,0,-56.66666666666666,-113.33333333333331,0.0,0.0,0.0,0.0,0,
2024-11-18,02:00,REST,Bmr,0,-56.66666666666666,-169.99999999999997,0.0,0.0,0.0,0.0,0,
2024-11-18,03:00,REST,Bmr,0,-56.66666666666666,-226.66666666666663,0.0,0.0,0.0,0.0,0,
2024-11-18,04:00,REST,Bmr,0,-56.66666666666666,-283.33333333333326,0.0,0.0,0.0,0.0,0,
2024-11-18,04:13,TRAINING,Walk,8.29 km,-499.0,-782.3333333333333,0.0,0.0,0.0,0.0,0,
2024-11-18,05:00,REST,Bmr,0,-56.66666666666666,-838.9999999999999,0.0,0.0,0.0,0.0,0,
2024-11-18,06:00,REST,Bmr,0,-56.66666666666666,-895.6666666666665,0.0,0.0,0.0,0.0,0,
2024-11-18,06:14,FOOD,Eat,0.0,600.0,-295.6666666666665,25.0,25.0,37.0,35.0,Porridge,
2024-11-18,07:00,REST,Bmr,0,-56.66666666666666,-352.33333333333314,0.0,25.0,0.0,0.0,0,
2024-11-18,08:00,REST,Bmr,0,-56.66666666666666,-408.9999999999998,0.0,25.0,0.0,0.0,0,
2024-11-18,09:00,REST,Bmr,0,-56.66666666666666,-465.6666666666664,0.0,25.0,0.0,0.0,0,
2024-11-18,09:43,FOOD,Eat,0.0,600.0,134.3333333333336,25.0,50.0,37.0,35.0,Porridge,
2024-11-18,10:00,REST,Bmr,0,-56.66666666666666,77.66666666666694,0.0,50.0,0.0,0.0,0,
2024-11-18,10:03,TRAINING,Walk,7.19 km,-438.0,-360.333333333333,0.0,50.0,0.0,0.0,0,
2024-11-18,11:00,REST,Bmr,0,-56.66666666666666,-416.99999999999966,0.0,50.0,0.0,0.0,0,
2024-11-18,12:00,REST,Bmr,0,-56.66666666666666,-473.6666666666663,0.0,50.0,0.0,0.0,0,
2024-11-18,13:00,REST,Bmr,0,-56.66666666666666,-530.3333333333329,0.0,50.0,0.0,0.0,0,
2024-11-18,13:08,FOOD,Eat,0.0,205.0,-325.3333333333329,4.0,54.0,16.0,9.0,"Sandwish, butter, cheese, dadelboll jordnöt",
2024-11-18,14:00,REST,Bmr,0,-56.66666666666666,-381.9999999999996,0.0,54.0,0.0,0.0,0,
2024-11-18,14:47,TRAINING,BIKE,0.0,-421.0,-802.9999999999995,0.0,54.0,0.0,0.0,RPM,
2024-11-18,15:00,REST,Bmr,0,-56.66666666666666,-859.6666666666662,0.0,54.0,0.0,0.0,0,
2024-11-18,16:00,REST,Bmr,0,-56.66666666666666,-916.3333333333328,0.0,54.0,0.0,0.0,0,
2024-11-18,16:23,FOOD,Eat,0.0,487.0,-429.3333333333328,31.0,85.0,51.0,17.0,"Ris, röda linser, brysselkål, lök, broccoli, ägg, jordnötssmör, tofu",
2024-11-18,16:45,FOOD,Eat,0.0,250.0,-179.3333333333328,1.0,86.0,31.0,8.0,"Dadlar lakrits, dadelboll jornöt/protinella, snickers bar",
2024-11-18,17:00,REST,Bmr,0,-56.66666666666666,-235.99999999999943,0.0,86.0,0.0,0.0,0,
2024-11-18,18:00,REST,Bmr,0,-56.66666666666666,-292.6666666666661,0.0,86.0,0.0,0.0,0,
2024-11-18,19:00,REST,Bmr,0,-56.66666666666666,-349.3333333333328,0.0,86.0,0.0,0.0,0,
2024-11-18,20:00,REST,Bmr,0,-56.66666666666666,-405.9999999999994,0.0,86.0,0.0,0.0,0,
2024-11-18,21:00,REST,Bmr,0,-56.66666666666666,-462.66666666666606,0.0,86.0,0.0,0.0,0,
2024-11-18,22:00,REST,Bmr,0,-56.66666666666666,-519.3333333333327,0.0,86.0,0.0,0.0,0,
2024-11-18,23:00,REST,Bmr,0,-56.66666666666666,-575.9999999999993,0.0,86.0,0.0,0.0,0,
2024-11-19,00:00,REST,Bmr,0,-56.66666666666666,-56.66666666666666,0.0,0.0,0.0,0.0,0,
2024-11-19,01:00,REST,Bmr,0,-56.66666666666666,-113.33333333333331,0.0,0.0,0.0,0.0,0,
2024-11-19,02:00,REST,Bmr,0,-56.66666666666666,-169.99999999999997,0.0,0.0,0.0,0.0,0,
2024-11-19,03:00,REST,Bmr,0,-56.66666666666666,-226.66666666666663,0.0,0.0,0.0,0.0,0,
2024-11-19,04:00,REST,Bmr,0,-56.66666666666666,-283.33333333333326,0.0,0.0,0.0,0.0,0,
2024-11-19,04:10,TRAINING,Walk,8.70 km,-497.0,-780.3333333333333,0.0,0.0,0.0,0.0,0,
2024-11-19,05:00,REST,Bmr,0,-56.66666666666666,-836.9999999999999,0.0,0.0,0.0,0.0,0,
2024-11-19,06:00,REST,Bmr,0,-56.66666666666666,-893.6666666666665,0.0,0.0,0.0,0.0,0,
2024-11-19,06:14,FOOD,Eat,0.0,600.0,-293.6666666666665,25.0,25.0,37.0,35.0,Porridge,
2024-11-19,07:00,REST,Bmr,0,-56.66666666666666,-350.33333333333314,0.0,25.0,0.0,0.0,0,
2024-11-19,08:00,REST,Bmr,0,-56.66666666666666,-406.9999999999998,0.0,25.0,0.0,0.0,0,
2024-11-19,09:00,REST,Bmr,0,-56.66666666666666,-463.6666666666664,0.0,25.0,0.0,0.0,0,
2024-11-19,09:04,FOOD,Eat,0.0,600.0,136.3333333333336,25.0,50.0,37.0,35.0,Porridge,
2024-11-19,09:19,TRAINING,Walk,2.85 km,-153.0,-16.6666666666664,0.0,50.0,0.0,0.0,0,
2024-11-19,10:00,REST,Bmr,0,-56.66666666666666,-73.33333333333306,0.0,50.0,0.0,0.0,0,
2024-11-19,11:00,REST,Bmr,0,-56.66666666666666,-129.99999999999972,0.0,50.0,0.0,0.0,0,
2024-11-19,11:45,TRAINING,Walk,6.43 km,-338.0,-467.9999999999997,0.0,50.0,0.0,0.0,0,
2024-11-19,12:00,REST,Bmr,0,-56.66666666666666,-524.6666666666664,0.0,50.0,0.0,0.0,0,
2024-11-19,13:00,REST,Bmr,0,-56.66666666666666,-581.333333333333,0.0,50.0,0.0,0.0,0,
2024-11-19,13:07,FOOD,Eat,0.0,205.0,-376.333333333333,4.0,54.0,16.0,9.0,"Sandwish, butter, cheese, dadelboll jordnöt",
2024-11-19,14:00,REST,Bmr,0,-56.66666666666666,-432.99999999999966,0.0,54.0,0.0,0.0,0,
2024-11-19,14:30,FOOD,Eat,0.0,115.0,-317.99999999999966,0.0,54.0,30.0,0.0,Carbs,
2024-11-19,15:00,REST,Bmr,0,-56.66666666666666,-374.6666666666663,0.0,54.0,0.0,0.0,0,
2024-11-19,15:03,TRAINING,RUN,11.79 km,-587.0,-961.6666666666664,0.0,54.0,0.0,0.0,5'23'',
2024-11-19,16:00,REST,Bmr,0,-56.66666666666666,-1018.3333333333328,0.0,54.0,0.0,0.0,0,
2024-11-19,17:00,REST,Bmr,0,-56.66666666666666,-1074.9999999999995,0.0,54.0,0.0,0.0,0,
2024-11-19,17:15,FOOD,Eat,0.0,558.0,-516.9999999999995,17.0,71.0,35.0,33.0,"Kaki, honungsmelon, broccoli, vego cabanoss, falafell, stekt ägg, grillost, coleslaw, bea",
2024-11-19,17:37,FOOD,Eat,0.0,294.0,-222.99999999999957,6.0,77.0,35.0,9.0,"Proteinbar, dadlar lakrits, dadelboll protinella, choklad",
2024-11-19,18:00,REST,Bmr,0,-56.66666666666666,-279.6666666666662,0.0,77.0,0.0,0.0,0,
2024-11-19,19:00,REST,Bmr,0,-56.66666666666666,-336.3333333333328,0.0,77.0,0.0,0.0,0,
2024-11-19,20:00,REST,Bmr,0,-56.66666666666666,-392.9999999999994,0.0,77.0,0.0,0.0,0,
2024-11-19,21:00,REST,Bmr,0,-56.66666666666666,-449.66666666666606,0.0,77.0,0.0,0.0,0,
2024-11-19,22:00,REST,Bmr,0,-56.66666666666666,-506.3333333333327,0.0,77.0,0.0,0.0,0,
2024-11-19,23:00,REST,Bmr,0,-56.66666666666666,-562.9999999999993,0.0,77.0,0.0,0.0,0,
2024-11-20,00:00,REST,Bmr,0,-56.66666666666666,-56.66666666666666,0.0,0.0,0.0,0.0,0,
2024-11-20,01:00,REST,Bmr,0,-56.66666666666666,-113.33333333333331,0.0,0.0,0.0,0.0,0,
2024-11-20,02:00,REST,Bmr,0,-56.66666666666666,-169.99999999999997,0.0,0.0,0.0,0.0,0,
2024-11-20,03:00,REST,Bmr,0,-56.66666666666666,-226.66666666666663,0.0,0.0,0.0,0.0,0,
2024-11-20,04:00,REST,Bmr,0,-56.66666666666666,-283.33333333333326,0.0,0.0,0.0,0.0,0,
2024-11-20,04:18,TRAINING,Walk,8.98 km,-442.0,-725.3333333333333,0.0,0.0,0.0,0.0,0,
2024-11-20,05:00,REST,Bmr,0,-56.66666666666666,-781.9999999999999,0.0,0.0,0.0,0.0,0,
2024-11-20,06:00,REST,Bmr,0,-56.66666666666666,-838.6666666666665,0.0,0.0,0.0,0.0,0,
2024-11-20,06:36,FOOD,Eat,0.0,600.0,-238.6666666666665,25.0,25.0,37.0,35.0,Porridge,
2024-11-20,07:00,REST,Bmr,0,-56.66666666666666,-295.33333333333314,0.0,25.0,0.0,0.0,0,
2024-11-20,08:00,REST,Bmr,0,-56.66666666666666,-351.9999999999998,0.0,25.0,0.0,0.0,0,
2024-11-20,09:00,REST,Bmr,0,-56.66666666666666,-408.6666666666664,0.0,25.0,0.0,0.0,0,
2024-11-20,09:57,FOOD,Eat,0.0,600.0,191.3333333333336,25.0,50.0,37.0,35.0,Porridge,
2024-11-20,10:00,REST,Bmr,0,-56.66666666666666,134.66666666666694,0.0,50.0,0.0,0.0,0,
2024-11-20,10:33,TRAINING,Walk,7.27 km,-411.0,-276.33333333333303,0.0,50.0,0.0,0.0,0,
2024-11-20,11:00,REST,Bmr,0,-56.66666666666666,-332.99999999999966,0.0,50.0,0.0,0.0,0,
2024-11-20,12:00,REST,Bmr,0,-56.66666666666666,-389.6666666666663,0.0,50.0,0.0,0.0,0,
2024-11-20,13:00,REST,Bmr,0,-56.66666666666666,-446.3333333333329,0.0,50.0,0.0,0.0,0,
2024-11-20,13:01,FOOD,Eat,0.0,205.0,-241.3333333333329,4.0,54.0,16.0,9.0,"Sandwish, butter, cheese, dadelboll jordnöt",
2024-11-20,13:58,TRAINING,SWIM,1900 m,-461.0,-702.3333333333329,0.0,54.0,0.0,0.0,Ingen,
2024-11-20,14:00,REST,Bmr,0,-56.66666666666666,-758.9999999999995,0.0,54.0,0.0,0.0,0,
2024-11-20,15:00,REST,Bmr,0,-56.66666666666666,-815.6666666666662,0.0,54.0,0.0,0.0,0,
2024-11-20,15:38,FOOD,Eat,0.0,473.0,-342.6666666666662,16.0,70.0,36.0,26.0,"Kaki, honungsmelon, broccoli, vego cabanoss, falafell, stekt ägg, grillost, bea",
2024-11-20,15:59,FOOD,Eat,0.0,336.0,-6.666666666666174,7.0,77.0,31.0,13.0,"Proteinbar, dadelboll jordnöt, csnickers bar, hoklad",
2024-11-20,16:00,REST,Bmr,0,-56.66666666666666,-63.33333333333283,0.0,77.0,0.0,0.0,0,
2024-11-20,17:00,REST,Bmr,0,-56.66666666666666,-119.99999999999947,0.0,77.0,0.0,0.0,0,
2024-11-20,18:00,REST,Bmr,0,-56.66666666666666,-176.66666666666617,0.0,77.0,0.0,0.0,0,
2024-11-20,19:00,REST,Bmr,0,-56.66666666666666,-233.3333333333328,0.0,77.0,0.0,0.0,0,
2024-11-20,20:00,REST,Bmr,0,-56.66666666666666,-289.99999999999943,0.0,77.0,0.0,0.0,0,
2024-11-20,21:00,REST,Bmr,0,-56.66666666666666,-346.66666666666606,0.0,77.0,0.0,0.0,0,
2024-11-20,22:00,REST,Bmr,0,-56.66666666666666,-403.3333333333327,0.0,77.0,0.0,0.0,0,
2024-11-20,23:00,REST,Bmr,0,-56.66666666666666,-459.9999999999993,0.0,77.0,0.0,0.0,0,
2024-11-21,00:00,REST,Bmr,0,-56.66666666666666,-56.66666666666666,0.0,0.0,0.0,0.0,0,
2024-11-21,01:00,REST,Bmr,0,-56.66666666666666,-113.33333333333331,0.0,0.0,0.0,0.0,0,
2024-11-21,02:00,REST,Bmr,0,-56.66666666666666,-169.99999999999997,0.0,0.0,0.0,0.0,0,
2024-11-21,03:00,REST,Bmr,0,-56.66666666666666,-226.66666666666663,0.0,0.0,0.0,0.0,0,
2024-11-21,04:00,REST,Bmr,0,-56.66666666666666,-283.33333333333326,0.0,0.0,0.0,0.0,0,
2024-11-21,04:21,TRAINING,Walk,8.70 km,-477.0,-760.3333333333333,0.0,0.0,0.0,0.0,0,
2024-11-21,05:00,REST,Bmr,0,-56.66666666666666,-816.9999999999999,0.0,0.0,0.0,0.0,0,
2024-11-21,06:00,REST,Bmr,0,-56.66666666666666,-873.6666666666665,0.0,0.0,0.0,0.0,0,
2024-11-21,06:29,FOOD,Eat,0.0,600.0,-273.6666666666665,25.0,25.0,37.0,35.0,Porridge,
2024-11-21,07:00,REST,Bmr,0,-56.66666666666666,-330.33333333333314,0.0,25.0,0.0,0.0,0,
2024-11-21,08:00,REST,Bmr,0,-56.66666666666666,-386.9999999999998,0.0,25.0,0.0,0.0,0,
2024-11-21,09:00,REST,Bmr,0,-56.66666666666666,-443.6666666666664,0.0,25.0,0.0,0.0,0,
2024-11-21,09:47,FOOD,Eat,0.0,600.0,156.3333333333336,25.0,50.0,37.0,35.0,Porridge,
2024-11-21,10:00,REST,Bmr,0,-56.66666666666666,99.66666666666694,0.0,50.0,0.0,0.0,0,
2024-11-21,10:24,TRAINING,Walk,7.37 km,-440.0,-340.33333333333303,0.0,50.0,0.0,0.0,0,
2024-11-21,11:00,REST,Bmr,0,-56.66666666666666,-396.99999999999966,0.0,50.0,0.0,0.0,0,
2024-11-21,12:00,REST,Bmr,0,-56.66666666666666,-453.6666666666663,0.0,50.0,0.0,0.0,0,
2024-11-21,12:35,FOOD,Eat,0.0,205.0,-248.6666666666663,4.0,54.0,16.0,9.0,"Sandwish, butter, cheese, dadelboll jordnöt",
2024-11-21,13:00,REST,Bmr,0,-56.66666666666666,-305.3333333333329,0.0,54.0,0.0,0.0,0,
2024-11-21,14:00,REST,Bmr,0,-56.66666666666666,-361.9999999999996,0.0,54.0,0.0,0.0,0,
2024-11-21,14:45,FOOD,Eat,0.0,115.0,-246.99999999999957,0.0,54.0,30.0,0.0,Carbs,
2024-11-21,14:48,TRAINING,BIKE,0.0,-309.0,-555.9999999999995,0.0,54.0,0.0,0.0,RPM,
2024-11-21,15:00,REST,Bmr,0,-56.66666666666666,-612.6666666666662,0.0,54.0,0.0,0.0,0,
2024-11-21,16:00,REST,Bmr,0,-56.66666666666666,-669.3333333333328,0.0,54.0,0.0,0.0,0,
2024-11-21,16:40,FOOD,Eat,0.0,525.0,-144.3333333333328,15.0,69.0,35.0,31.0,"Kaki, honungsmelon, broccoli, vego cabanoss, falafell, coleslaw, stekt ägg, grillost, bea",
2024-11-21,17:00,REST,Bmr,0,-56.66666666666666,-200.99999999999943,0.0,69.0,0.0,0.0,0,
2024-11-21,17:13,FOOD,Eat,0.0,363.0,162.00000000000054,12.0,81.0,34.0,15.0,"Dadlar lakrits/peanut, naturgodis saltad karamell, proteinbar",
2024-11-21,18:00,REST,Bmr,0,-56.66666666666666,105.33333333333388,0.0,81.0,0.0,0.0,0,
2024-11-21,19:00,REST,Bmr,0,-56.66666666666666,48.666666666667226,0.0,81.0,0.0,0.0,0,
2024-11-21,20:00,REST,Bmr,0,-56.66666666666666,-7.999999999999432,0.0,81.0,0.0,0.0,0,
2024-11-21,21:00,REST,Bmr,0,-56.66666666666666,-64.66666666666609,0.0,81.0,0.0,0.0,0,
2024-11-21,22:00,REST,Bmr,0,-56.66666666666666,-121.33333333333276,0.0,81.0,0.0,0.0,0,
2024-11-21,23:00,REST,Bmr,0,-56.66666666666666,-177.9999999999994,0.0,81.0,0.0,0.0,0,
2024-11-22,00:00,REST,Bmr,0,-56.66666666666666,-56.66666666666666,0.0,0.0,0.0,0.0,0,
2024-11-22,01:00,REST,Bmr,0,-56.66666666666666,-113.33333333333331,0.0,0.0,0.0,0.0,0,
2024-11-22,02:00,REST,Bmr,0,-56.66666666666666,-169.99999999999997,0.0,0.0,0.0,0.0,0,
2024-11-22,03:00,REST,Bmr,0,-56.66666666666666,-226.66666666666663,0.0,0.0,0.0,0.0,0,
2024-11-22,04:00,REST,Bmr,0,-56.66666666666666,-283.33333333333326,0.0,0.0,0.0,0.0,0,
2024-11-22,04:01,TRAINING,Walk,8.73 km,-445.0,-728.3333333333333,0.0,0.0,0.0,0.0,0,
2024-11-22,05:00,REST,Bmr,0,-56.66666666666666,-784.9999999999999,0.0,0.0,0.0,0.0,0,
2024-11-22,06:00,REST,Bmr,0,-56.66666666666666,-841.6666666666665,0.0,0.0,0.0,0.0,0,
2024-11-22,06:30,FOOD,Eat,0.0,523.0,-318.6666666666665,35.0,35.0,48.0,17.0,Proteingröt med topping,
2024-11-22,07:00,REST,Bmr,0,-56.66666666666666,-375.33333333333314,0.0,35.0,0.0,0.0,0,
2024-11-22,08:00,REST,Bmr,0,-56.66666666666666,-431.9999999999998,0.0,35.0,0.0,0.0,0,
2024-11-22,09:00,REST,Bmr,0,-56.66666666666666,-488.6666666666664,0.0,35.0,0.0,0.0,0,
2024-11-22,09:30,FOOD,Eat,0.0,540.0,51.3333333333336,37.0,72.0,41.0,20.0,Proteingröt med topping,
2024-11-22,10:00,REST,Bmr,0,-56.66666666666666,-5.333333333333059,0.0,72.0,0.0,0.0,0,
2024-11-22,10:31,TRAINING,Walk,7.59 km,-400.0,-405.333333333333,0.0,72.0,0.0,0.0,0,
2024-11-22,11:00,REST,Bmr,0,-56.66666666666666,-461.99999999999966,0.0,72.0,0.0,0.0,0,
2024-11-22,12:00,REST,Bmr,0,-56.66666666666666,-518.6666666666663,0.0,72.0,0.0,0.0,0,
2024-11-22,13:00,REST,Bmr,0,-56.66666666666666,-575.3333333333329,0.0,72.0,0.0,0.0,0,
2024-11-22,13:07,FOOD,Eat,0.0,205.0,-370.3333333333329,4.0,76.0,16.0,9.0,"Sandwish, butter, cheese, dadelboll jordnöt",
2024-11-22,14:00,REST,Bmr,0,-56.66666666666666,-426.9999999999996,0.0,76.0,0.0,0.0,0,
2024-11-22,15:00,REST,Bmr,0,-56.66666666666666,-483.6666666666662,0.0,76.0,0.0,0.0,0,
2024-11-22,15:08,TRAINING,RUN,7.19 km,-356.0,-839.6666666666662,0.0,76.0,0.0,0.0,5'25'',
2024-11-22,16:00,REST,Bmr,0,-56.66666666666666,-896.3333333333328,0.0,76.0,0.0,0.0,0,
2024-11-22,16:16,FOOD,Eat,0.0,469.0,-427.3333333333328,18.0,94.0,33.0,25.0,"Kaki, honungsmelon, broccoli, vego cabanoss, falafell, stekt ägg, grillost, bea",
2024-11-22,16:42,FOOD,Eat,0.0,283.0,-144.3333333333328,11.0,105.0,24.0,12.0,"Dadlar peanut, naturgodis saltad karamell, proteinbar",
2024-11-22,17:00,REST,Bmr,0,-56.66666666666666,-200.99999999999943,0.0,105.0,0.0,0.0,0,
2024-11-22,18:00,REST,Bmr,0,-56.66666666666666,-257.6666666666661,0.0,105.0,0.0,0.0,0,
2024-11-22,19:00,REST,Bmr,0,-56.66666666666666,-314.3333333333328,0.0,105.0,0.0,0.0,0,
2024-11-22,20:00,REST,Bmr,0,-56.66666666666666,-370.9999999999994,0.0,105.0,0.0,0.0,0,
2024-11-22,21:00,REST,Bmr,0,-56.66666666666666,-427.66666666666606,0.0,105.0,0.0,0.0,0,
2024-11-22,22:00,REST,Bmr,0,-56.66666666666666,-484.3333333333327,0.0,105.0,0.0,0.0,0,
2024-11-22,23:00,REST,Bmr,0,-56.66666666666666,-540.9999999999993,0.0,105.0,0.0,0.0,0,
2024-11-23,00:00,REST,Bmr,0,-56.66666666666666,-56.66666666666666,0.0,0.0,0.0,0.0,0,
2024-11-23,01:00,REST,Bmr,0,-56.66666666666666,-113.33333333333331,0.0,0.0,0.0,0.0,0,
2024-11-23,02:00,REST,Bmr,0,-56.66666666666666,-169.99999999999997,0.0,0.0,0.0,0.0,0,
2024-11-23,03:00,REST,Bmr,0,-56.66666666666666,-226.66666666666663,0.0,0.0,0.0,0.0,0,
2024-11-23,04:00,REST,Bmr,0,-56.66666666666666,-283.33333333333326,0.0,0.0,0.0,0.0,0,
2024-11-23,04:16,TRAINING,Walk,9.36 km,-514.0,-797.3333333333333,0.0,0.0,0.0,0.0,0,
2024-11-23,05:00,REST,Bmr,0,-56.66666666666666,-853.9999999999999,0.0,0.0,0.0,0.0,0,
2024-11-23,06:00,REST,Bmr,0,-56.66666666666666,-910.6666666666664,0.0,0.0,0.0,0.0,0,
2024-11-23,06:30,FOOD,Eat,0.0,540.0,-370.6666666666665,37.0,37.0,41.0,20.0,Proteingröt med topping,
2024-11-23,07:00,REST,Bmr,0,-56.66666666666666,-427.33333333333314,0.0,37.0,0.0,0.0,0,
2024-11-23,08:00,REST,Bmr,0,-56.66666666666666,-483.9999999999998,0.0,37.0,0.0,0.0,0,
2024-11-23,08:32,TRAINING,Walk,7.55 km,-387.0,-870.9999999999998,0.0,37.0,0.0,0.0,0,
2024-11-23,09:00,REST,Bmr,0,-56.66666666666666,-927.6666666666664,0.0,37.0,0.0,0.0,0,
2024-11-23,09:30,FOOD,Eat,0.0,540.0,-387.6666666666664,37.0,74.0,41.0,20.0,Proteingröt med topping,
2024-11-23,10:00,REST,Bmr,0,-56.66666666666666,-444.333333333333,0.0,74.0,0.0,0.0,0,
2024-11-23,11:00,REST,Bmr,0,-56.66666666666666,-500.99999999999966,0.0,74.0,0.0,0.0,0,
2024-11-23,11:19,FOOD,Eat,0.0,235.0,-265.99999999999966,18.0,92.0,20.0,9.0,Proteinbar mix,
2024-11-23,12:00,REST,Bmr,0,-56.66666666666666,-322.6666666666663,0.0,92.0,0.0,0.0,0,
2024-11-23,12:06,TRAINING,Walk,1.26 km,-121.0,-443.6666666666663,0.0,92.0,0.0,0.0,0,
2024-11-23,13:00,REST,Bmr,0,-56.66666666666666,-500.3333333333329,0.0,92.0,0.0,0.0,0,
2024-11-23,14:00,REST,Bmr,0,-56.66666666666666,-556.9999999999995,0.0,92.0,0.0,0.0,0,
2024-11-23,14:57,FOOD,Eat,0.0,469.0,-87.99999999999955,18.0,110.0,33.0,25.0,"Kaki, honungsmelon, broccoli, vego cabanoss, falafell, stekt ägg, grillost, bea",
2024-11-23,15:00,REST,Bmr,0,-56.66666666666666,-144.6666666666662,0.0,110.0,0.0,0.0,0,
2024-11-23,15:23,FOOD,Eat,0.0,333.0,188.3333333333338,7.0,117.0,41.0,12.0,"Dadlar peanut/lakrits/choklad, naturgodis jordnötstoppar, proteinbar",
2024-11-23,16:00,REST,Bmr,0,-56.66666666666666,131.66666666666714,0.0,117.0,0.0,0.0,0,
2024-11-23,17:00,REST,Bmr,0,-56.66666666666666,75.00000000000048,0.0,117.0,0.0,0.0,0,
2024-11-23,18:00,REST,Bmr,0,-56.66666666666666,18.333333333333822,0.0,117.0,0.0,0.0,0,
2024-11-23,19:00,REST,Bmr,0,-56.66666666666666,-38.33333333333283,0.0,117.0,0.0,0.0,0,
2024-11-23,20:00,REST,Bmr,0,-56.66666666666666,-94.99999999999947,0.0,117.0,0.0,0.0,0,
2024-11-23,21:00,REST,Bmr,0,-56.66666666666666,-151.66666666666617,0.0,117.0,0.0,0.0,0,
2024-11-23,22:00,REST,Bmr,0,-56.66666666666666,-208.3333333333328,0.0,117.0,0.0,0.0,0,
2024-11-23,23:00,REST,Bmr,0,-56.66666666666666,-264.99999999999943,0.0,117.0,0.0,0.0,0,
2024-11-24,00:00,REST,Bmr,0,-56.66666666666666,-56.66666666666666,0.0,0.0,0.0,0.0,0,
2024-11-24,01:00,REST,Bmr,0,-56.66666666666666,-113.33333333333331,0.0,0.0,0.0,0.0,0,
2024-11-24,02:00,REST,Bmr,0,-56.66666666666666,-169.99999999999997,0.0,0.0,0.0,0.0,0,
2024-11-24,03:00,REST,Bmr,0,-56.66666666666666,-226.66666666666663,0.0,0.0,0.0,0.0,0,
2024-11-24,04:00,REST,Bmr,0,-56.66666666666666,-283.33333333333326,0.0,0.0,0.0,0.0,0,
2024-11-24,04:48,TRAINING,Walk,9.30 km,-533.0,-816.3333333333333,0.0,0.0,0.0,0.0,0,
2024-11-24,05:00,REST,Bmr,0,-56.66666666666666,-872.9999999999999,0.0,0.0,0.0,0.0,0,
2024-11-24,06:00,REST,Bmr,0,-56.66666666666666,-929.6666666666664,0.0,0.0,0.0,0.0,0,
2024-11-24,07:00,REST,Bmr,0,-56.66666666666666,-986.3333333333331,0.0,0.0,0.0,0.0,0,
2024-11-24,08:00,REST,Bmr,0,-56.66666666666666,-1042.9999999999998,0.0,0.0,0.0,0.0,0,
2024-11-24,08:30,FOOD,Eat,0.0,540.0,-502.9999999999998,37.0,37.0,41.0,20.0,Proteingröt med topping,
2024-11-24,09:00,REST,Bmr,0,-56.66666666666666,-559.6666666666664,0.0,37.0,0.0,0.0,0,
2024-11-24,10:00,REST,Bmr,0,-56.66666666666666,-616.333333333333,0.0,37.0,0.0,0.0,0,
2024-11-24,10:22,TRAINING,Walk,9.60 km,-502.0,-1118.333333333333,0.0,37.0,0.0,0.0,0,
2024-11-24,11:00,REST,Bmr,0,-56.66666666666666,-1174.9999999999998,0.0,37.0,0.0,0.0,0,
2024-11-24,12:00,REST,Bmr,0,-56.66666666666666,-1231.6666666666663,0.0,37.0,0.0,0.0,0,
2024-11-24,13:00,REST,Bmr,0,-56.66666666666666,-1288.3333333333333,0.0,37.0,0.0,0.0,0,
2024-11-24,13:13,FOOD,Eat,0.0,497.0,-791.3333333333333,17.0,54.0,37.0,28.0,"Kaki, honungsmelon, broccoli, vego cabanoss, falafell, stekt ägg, grillost, bea",
2024-11-24,13:41,FOOD,Eat,0.0,292.0,-499.33333333333326,4.0,58.0,24.0,12.0,"Chokladkaka, kvarg, dadelboll cintron lakrits, snickersbar, dadlar mörk choklad",
2024-11-24,14:00,REST,Bmr,0,-56.66666666666666,-555.9999999999999,0.0,58.0,0.0,0.0,0,
2024-11-24,15:00,REST,Bmr,0,-56.66666666666666,-612.6666666666665,0.0,58.0,0.0,0.0,0,
2024-11-24,16:00,REST,Bmr,0,-56.66666666666666,-669.3333333333331,0.0,58.0,0.0,0.0,0,
2024-11-24,17:00,REST,Bmr,0,-56.66666666666666,-725.9999999999998,0.0,58.0,0.0,0.0,0,
2024-11-24,17:36,FOOD,Eat,0.0,540.0,-185.99999999999977,37.0,95.0,41.0,20.0,Proteingröt med topping,
2024-11-24,18:00,REST,Bmr,0,-56.66666666666666,-242.66666666666643,0.0,95.0,0.0,0.0,0,
2024-11-24,19:00,REST,Bmr,0,-56.66666666666666,-299.3333333333331,0.0,95.0,0.0,0.0,0,
2024-11-24,20:00,REST,Bmr,0,-56.66666666666666,-355.9999999999998,0.0,95.0,0.0,0.0,0,
2024-11-24,21:00,REST,Bmr,0,-56.66666666666666,-412.6666666666664,0.0,95.0,0.0,0.0,0,
2024-11-24,22:00,REST,Bmr,0,-56.66666666666666,-469.333333333333,0.0,95.0,0.0,0.0,0,
2024-11-24,23:00,REST,Bmr,0,-56.66666666666666,-525.9999999999997,0.0,95.0,0.0,0.0,0,
2024-11-25,00:00,REST,Bmr,0,-56.66666666666666,-56.66666666666666,0.0,0.0,0.0,0.0,0,
2024-11-25,01:00,REST,Bmr,0,-56.66666666666666,-113.33333333333331,0.0,0.0,0.0,0.0,0,
2024-11-25,02:00,REST,Bmr,0,-56.66666666666666,-169.99999999999997,0.0,0.0,0.0,0.0,0,
2024-11-25,03:00,REST,Bmr,0,-56.66666666666666,-226.66666666666663,0.0,0.0,0.0,0.0,0,
2024-11-25,04:00,REST,Bmr,0,-56.66666666666666,-283.33333333333326,0.0,0.0,0.0,0.0,0,
2024-11-25,04:45,TRAINING,Walk,8.12 km,-479.0,-762.3333333333333,0.0,0.0,0.0,0.0,0,
2024-11-25,05:00,REST,Bmr,0,-56.66666666666666,-818.9999999999999,0.0,0.0,0.0,0.0,0,
2024-11-25,06:00,REST,Bmr,0,-56.66666666666666,-875.6666666666665,0.0,0.0,0.0,0.0,0,
2024-11-25,06:59,FOOD,Eat,0.0,540.0,-335.6666666666665,37.0,37.0,41.0,20.0,Proteingröt med topping,
2024-11-25,07:00,REST,Bmr,0,-56.66666666666666,-392.33333333333314,0.0,37.0,0.0,0.0,0,
2024-11-25,08:00,REST,Bmr,0,-56.66666666666666,-448.9999999999998,0.0,37.0,0.0,0.0,0,
2024-11-25,09:00,REST,Bmr,0,-56.66666666666666,-505.6666666666664,0.0,37.0,0.0,0.0,0,
2024-11-25,09:08,TRAINING,Walk,3.72 km,-315.0,-820.6666666666664,0.0,37.0,0.0,0.0,0,
2024-11-25,10:00,REST,Bmr,0,-56.66666666666666,-877.333333333333,0.0,37.0,0.0,0.0,0,
2024-11-25,10:07,FOOD,Eat,0.0,120.0,-757.333333333333,11.0,48.0,9.0,4.0,Proteinbar,
2024-11-25,11:00,REST,Bmr,0,-56.66666666666666,-813.9999999999997,0.0,48.0,0.0,0.0,0,
2024-11-25,12:00,REST,Bmr,0,-56.66666666666666,-870.6666666666663,0.0,48.0,0.0,0.0,0,
2024-11-25,12:35,FOOD,Eat,0.0,540.0,-330.6666666666663,37.0,85.0,41.0,20.0,Proteingröt med topping,
2024-11-25,12:52,TRAINING,Walk,4.54 km,-263.0,-593.6666666666663,0.0,85.0,0.0,0.0,0,
2024-11-25,13:00,REST,Bmr,0,-56.66666666666666,-650.3333333333329,0.0,85.0,0.0,0.0,0,
2024-11-25,14:00,REST,Bmr,0,-56.66666666666666,-706.9999999999995,0.0,85.0,0.0,0.0,0,
2024-11-25,15:00,REST,Bmr,0,-56.66666666666666,-763.6666666666662,0.0,85.0,0.0,0.0,0,
2024-11-25,16:00,REST,Bmr,0,-56.66666666666666,-820.3333333333328,0.0,85.0,0.0,0.0,0,
2024-11-25,17:00,REST,Bmr,0,-56.66666666666666,-876.9999999999994,0.0,85.0,0.0,0.0,0,
2024-11-25,17:30,FOOD,Eat,0.0,540.0,-336.99999999999943,37.0,122.0,41.0,20.0,Proteingröt med topping,
2024-11-25,18:00,REST,Bmr,0,-56.66666666666666,-393.66666666666606,0.0,122.0,0.0,0.0,0,
2024-11-25,19:00,REST,Bmr,0,-56.66666666666666,-450.3333333333327,0.0,122.0,0.0,0.0,0,
2024-11-25,20:00,REST,Bmr,0,-56.66666666666666,-506.9999999999993,0.0,122.0,0.0,0.0,0,
2024-11-25,21:00,REST,Bmr,0,-56.66666666666666,-563.666666666666,0.0,122.0,0.0,0.0,0,
2024-11-25,22:00,REST,Bmr,0,-56.66666666666666,-620.3333333333326,0.0,122.0,0.0,0.0,0,
2024-11-25,23:00,REST,Bmr,0,-56.66666666666666,-676.9999999999992,0.0,122.0,0.0,0.0,0,
2024-11-26,00:00,REST,Bmr,0,-56.66666666666666,-56.66666666666666,0.0,0.0,0.0,0.0,0,
2024-11-26,01:00,REST,Bmr,0,-56.66666666666666,-113.33333333333331,0.0,0.0,0.0,0.0,0,
2024-11-26,02:00,REST,Bmr,0,-56.66666666666666,-169.99999999999997,0.0,0.0,0.0,0.0,0,
2024-11-26,03:00,REST,Bmr,0,-56.66666666666666,-226.66666666666663,0.0,0.0,0.0,0.0,0,
2024-11-26,04:00,REST,Bmr,0,-56.66666666666666,-283.33333333333326,0.0,0.0,0.0,0.0,0,
2024-11-26,05:00,REST,Bmr,0,-56.66666666666666,-339.9999999999999,0.0,0.0,0.0,0.0,0,
2024-11-26,05:07,TRAINING,Walk,8.23 km,-429.0,-768.9999999999999,0.0,0.0,0.0,0.0,0,
2024-11-26,06:00,REST,Bmr,0,-56.66666666666666,-825.6666666666665,0.0,0.0,0.0,0.0,0,
2024-11-26,07:00,REST,Bmr,0,-56.66666666666666,-882.3333333333331,0.0,0.0,0.0,0.0,0,
2024-11-26,07:15,FOOD,Eat,0.0,540.0,-342.33333333333314,37.0,37.0,41.0,20.0,Proteingröt med topping,
2024-11-26,08:00,REST,Bmr,0,-56.66666666666666,-398.9999999999998,0.0,37.0,0.0,0.0,0,
2024-11-26,09:00,REST,Bmr,0,-56.66666666666666,-455.6666666666664,0.0,37.0,0.0,0.0,0,
2024-11-26,09:15,FOOD,Eat,0.0,540.0,84.3333333333336,37.0,74.0,37.0,20.0,Proteingröt,
2024-11-26,09:28,TRAINING,Walk,3.79,-245.0,-160.6666666666664,0.0,74.0,0.0,0.0,Steg 4641,
2024-11-26,10:00,REST,Bmr,0,-56.66666666666666,-217.33333333333303,0.0,74.0,0.0,0.0,0,
2024-11-26,11:00,REST,Bmr,0,-56.66666666666666,-273.9999999999997,0.0,74.0,0.0,0.0,0,
2024-11-26,12:00,REST,Bmr,0,-56.66666666666666,-330.6666666666664,0.0,74.0,0.0,0.0,0,
2024-11-26,12:01,FOOD,Eat,0.0,98.0,-232.6666666666664,7.0,81.0,7.0,3.0,Barbell creamy crisp/Barbell santa,
2024-11-26,12:11,TRAINING,Walk,5.11 km,-282.0,-514.6666666666664,0.0,81.0,0.0,0.0,Steps 6399,
2024-11-26,13:00,REST,Bmr,0,-56.66666666666666,-571.333333333333,0.0,81.0,0.0,0.0,0,
2024-11-26,13:55,FOOD,Eat,0.0,111.0,-460.333333333333,9.0,90.0,9.0,4.0,Barbell creamy crisp/Barbell santa,
2024-11-26,14:00,REST,Bmr,0,-56.66666666666666,-516.9999999999997,0.0,90.0,0.0,0.0,0,
2024-11-26,14:15,TRAINING,Strength,0,-189.0,-705.9999999999997,0.0,90.0,0.0,0.0,UpperBody (power),
2024-11-26,15:00,REST,Bmr,0,-56.66666666666666,-762.6666666666663,0.0,90.0,0.0,0.0,0,
2024-11-26,16:00,REST,Bmr,0,-56.66666666666666,-819.3333333333329,0.0,90.0,0.0,0.0,0,
2024-11-26,16:15,FOOD,Eat,0.0,497.0,-322.3333333333329,17.0,107.0,17.0,28.0,"Sallad, kaki, honungsmelon, grönkålsbiff, ägg, broccoli,grillost, coleslaw",
2024-11-26,17:00,REST,Bmr,0,-56.66666666666666,-378.9999999999996,0.0,107.0,0.0,0.0,0,
2024-11-26,18:00,REST,Bmr,0,-56.66666666666666,-435.6666666666662,0.0,107.0,0.0,0.0,0,
2024-11-26,19:00,REST,Bmr,0,-56.66666666666666,-492.3333333333328,0.0,107.0,0.0,0.0,0,
2024-11-26,20:00,REST,Bmr,0,-56.66666666666666,-548.9999999999994,0.0,107.0,0.0,0.0,0,
2024-11-26,21:00,REST,Bmr,0,-56.66666666666666,-605.6666666666661,0.0,107.0,0.0,0.0,0,
2024-11-26,22:00,REST,Bmr,0,-56.66666666666666,-662.3333333333327,0.0,107.0,0.0,0.0,0,
2024-11-26,23:00,REST,Bmr,0,-56.66666666666666,-718.9999999999993,0.0,107.0,0.0,0.0,0,
2024-11-27,00:00,REST,Bmr,0,-52.0,-52.0,0.0,0.0,0.0,0.0,0,
2024-11-27,01:00,REST,Bmr,0,-52.0,-104.0,0.0,0.0,0.0,0.0,0,
2024-11-27,02:00,REST,Bmr,0,-52.0,-156.0,0.0,0.0,0.0,0.0,0,
2024-11-27,03:00,REST,Bmr,0,-52.0,-208.0,0.0,0.0,0.0,0.0,0,
2024-11-27,04:00,REST,Bmr,0,-52.0,-260.0,0.0,0.0,0.0,0.0,0,
2024-11-27,04:22,TRAINING,Walk,9.24 km,-518.0,-778.0,0.0,0.0,0.0,0.0,Steps 11504,
2024-11-27,05:00,REST,Bmr,0,-52.0,-830.0,0.0,0.0,0.0,0.0,0,
2024-11-27,06:00,REST,Bmr,0,-52.0,-882.0,0.0,0.0,0.0,0.0,0,
2024-11-27,06:44,FOOD,Eat,0.0,540.0,-342.0,37.0,37.0,37.0,20.0,Proteingröt vassle,
2024-11-27,07:00,REST,Bmr,0,-52.0,-394.0,0.0,37.0,0.0,0.0,0,
2024-11-27,08:00,REST,Bmr,0,-52.0,-446.0,0.0,37.0,0.0,0.0,0,
2024-11-27,09:00,REST,Bmr,0,-52.0,-498.0,0.0,37.0,0.0,0.0,0,
2024-11-27,09:30,FOOD,Eat,0.0,540.0,42.0,37.0,74.0,37.0,20.0,Proteingröt vassle,
2024-11-27,10:00,REST,Bmr,0,-52.0,-10.0,0.0,74.0,0.0,0.0,0,
2024-11-27,10:42,TRAINING,Walk,7.93 km,-498.0,-508.0,0.0,74.0,0.0,0.0,Steps 10274,
2024-11-27,11:00,REST,Bmr,0,-52.0,-560.0,0.0,74.0,0.0,0.0,0,
2024-11-27,12:00,REST,Bmr,0,-52.0,-612.0,0.0,74.0,0.0,0.0,0,
2024-11-27,12:47,FOOD,Eat,0.0,295.0,-317.0,20.0,94.0,20.0,9.0,Lohilo salted caramel/Bodylab skummnisse/Bodylab peanut caramel,
2024-11-27,13:00,REST,Bmr,0,-52.0,-369.0,0.0,94.0,0.0,0.0,0,
2024-11-27,14:00,REST,Bmr,0,-52.0,-421.0,0.0,94.0,0.0,0.0,0,
2024-11-27,14:15,TRAINING,Strength,0,-170.0,-591.0,0.0,94.0,0.0,0.0,LowerBody (power),
2024-11-27,15:00,REST,Bmr,0,-52.0,-643.0,0.0,94.0,0.0,0.0,0,
2024-11-27,16:00,REST,Bmr,0,-52.0,-695.0,0.0,94.0,0.0,0.0,0,
2024-11-27,16:45,FOOD,Eat,0.0,450.0,-245.0,14.0,108.0,14.0,14.0,Grönkål/Ägg stekt/Falafel dafgårds/Grönkålsbiff/Kaki/Honungsmelon,
2024-11-27,17:00,REST,Bmr,0,-52.0,-297.0,0.0,108.0,0.0,0.0,0,
2024-11-27,18:00,REST,Bmr,0,-52.0,-349.0,0.0,108.0,0.0,0.0,0,
2024-11-27,19:00,REST,Bmr,0,-52.0,-401.0,0.0,108.0,0.0,0.0,0,
2024-11-27,20:00,REST,Bmr,0,-52.0,-453.0,0.0,108.0,0.0,0.0,0,
2024-11-27,21:00,REST,Bmr,0,-52.0,-505.0,0.0,108.0,0.0,0.0,0,
2024-11-27,22:00,REST,Bmr,0,-52.0,-557.0,0.0,108.0,0.0,0.0,0,
2024-11-27,23:00,REST,Bmr,0,-52.0,-609.0,0.0,108.0,0.0,0.0,0,
2024-11-28,00:00,REST,Bmr,0,-56.0,-56.0,0.0,0.0,0.0,0.0,0,0
2024-11-28,01:00,REST,Bmr,0,-56.0,-112.0,0.0,0.0,0.0,0.0,0,0
2024-11-28,02:00,REST,Bmr,0,-56.0,-168.0,0.0,0.0,0.0,0.0,0,0
2024-11-28,03:00,REST,Bmr,0,-56.0,-224.0,0.0,0.0,0.0,0.0,0,0
2024-11-28,04:00,REST,Bmr,0,-56.0,-280.0,0.0,0.0,0.0,0.0,0,0
2024-11-28,05:00,REST,Bmr,0,-56.0,-336.0,0.0,0.0,0.0,0.0,0,0
2024-11-28,05:15,TRAINING,Walk,8.70 km,-445.0,-781.0,0.0,0.0,0.0,0.0,Steps 10901,🚶🏻‍♂️ Walk 8.70 km
2024-11-28,06:00,REST,Bmr,0,-56.0,-837.0,0.0,0.0,0.0,0.0,0,0
2024-11-28,07:00,REST,Bmr,0,-56.0,-893.0,0.0,0.0,0.0,0.0,0,0
2024-11-28,07:13,FOOD,Eat,0.0,540.0,-353.0,37.0,37.0,37.0,20.0,Proteingröt vassle,🍛 Proteingröt vassle
2024-11-28,08:00,REST,Bmr,0,-56.0,-409.0,0.0,37.0,0.0,0.0,0,0
2024-11-28,09:00,REST,Bmr,0,-56.0,-465.0,0.0,37.0,0.0,0.0,0,0
2024-11-28,10:00,REST,Bmr,0,-56.0,-521.0,0.0,37.0,0.0,0.0,0,0
2024-11-28,10:54,FOOD,Eat,0.0,540.0,19.0,37.0,74.0,37.0,20.0,Proteingröt vassle,🍛 Proteingröt vassle
2024-11-28,11:00,REST,Bmr,0,-56.0,-37.0,0.0,74.0,0.0,0.0,0,0
2024-11-28,11:23,TRAINING,Walk,7.48 km,-461.0,-498.0,0.0,74.0,0.0,0.0,Steps 8976,🚶🏻‍♂️ Walk 7.48 km
2024-11-28,12:00,REST,Bmr,0,-56.0,-554.0,0.0,74.0,0.0,0.0,0,0
2024-11-28,13:00,REST,Bmr,0,-56.0,-610.0,0.0,74.0,0.0,0.0,0,0
2024-11-28,13:19,FOOD,Eat,0.0,127.0,-483.0,10.0,84.0,10.0,5.0,Proteinbar ica salted caramel,🍛 Proteinbar ica salted caramel
2024-11-28,14:00,REST,Bmr,0,-56.0,-539.0,0.0,84.0,0.0,0.0,0,0
2024-11-28,14:04,FOOD,Eat,0.0,78.0,-461.0,0.0,84.0,0.0,0.0,Äpple Aroma rött,🍛 Äpple Aroma rött
2024-11-28,15:00,REST,Bmr,0,-56.0,-517.0,0.0,84.0,0.0,0.0,0,0
2024-11-28,16:00,REST,Bmr,0,-56.0,-573.0,0.0,84.0,0.0,0.0,0,0
2024-11-28,16:30,FOOD,Eat,0.0,427.0,-146.0,30.0,114.0,30.0,8.0,Ugnsbakad sötpotatis och rödbeta med fillets kokt ägg,🍛 Ugnsbakad sötpotatis och rödbeta med fillets kokt ägg
2024-11-28,16:52,FOOD,Eat,0.0,221.0,75.0,1.0,115.0,1.0,10.0,Mörk choklad kakao 85%/Dadelboll jordnöt/Dadelboll protinella/Dadelboll lakrtis citron 1 boll,🍛 Mörk choklad kakao 85%/Dadelboll jordnöt/Dadelboll protinella/Dadelboll lakrtis citron 1 boll
2024-11-28,17:00,REST,Bmr,0,-56.0,19.0,0.0,115.0,0.0,0.0,0,0
2024-11-28,18:00,REST,Bmr,0,-56.0,-37.0,0.0,115.0,0.0,0.0,0,0
2024-11-28,19:00,REST,Bmr,0,-56.0,-93.0,0.0,115.0,0.0,0.0,0,0
2024-11-28,20:00,REST,Bmr,0,-56.0,-149.0,0.0,115.0,0.0,0.0,0,0
2024-11-28,21:00,REST,Bmr,0,-56.0,-205.0,0.0,115.0,0.0,0.0,0,0
2024-11-28,22:00,REST,Bmr,0,-56.0,-261.0,0.0,115.0,0.0,0.0,0,0
2024-11-28,23:00,REST,Bmr,0,-56.0,-317.0,0.0,115.0,0.0,0.0,0,0
2024-11-29,00:00,REST,Bmr,0,-56.0,-56.0,0.0,0.0,0.0,0.0,0,0
2024-11-29,01:00,REST,Bmr,0,-56.0,-112.0,0.0,0.0,0.0,0.0,0,0
2024-11-29,02:00,REST,Bmr,0,-56.0,-168.0,0.0,0.0,0.0,0.0,0,0
2024-11-29,03:00,REST,Bmr,0,-56.0,-224.0,0.0,0.0,0.0,0.0,0,0
2024-11-29,04:00,REST,Bmr,0,-56.0,-280.0,0.0,0.0,0.0,0.0,0,0
2024-11-29,04:09,TRAINING,Walk,8.37 km,-505.0,-785.0,0.0,0.0,0.0,0.0,Steps 10279,🚶🏻‍♂️ Walk 8.37 km
2024-11-29,05:00,REST,Bmr,0,-56.0,-841.0,0.0,0.0,0.0,0.0,0,0
2024-11-29,06:00,REST,Bmr,0,-56.0,-897.0,0.0,0.0,0.0,0.0,0,0
2024-11-29,06:30,FOOD,Eat,0.0,540.0,-357.0,37.0,37.0,37.0,20.0,Proteingröt vassle,🍛 Proteingröt vassle
2024-11-29,07:00,REST,Bmr,0,-56.0,-413.0,0.0,37.0,0.0,0.0,0,0
2024-11-29,08:00,REST,Bmr,0,-56.0,-469.0,0.0,37.0,0.0,0.0,0,0
2024-11-29,09:00,REST,Bmr,0,-56.0,-525.0,0.0,37.0,0.0,0.0,0,0
2024-11-29,09:09,FOOD,Eat,0.0,0.0,-525.0,0.0,37.0,0.0,0.0,Äpple Frida,🍛 Äpple Frida
2024-11-29,09:10,FOOD,Eat,0.0,0.0,-525.0,0.0,37.0,0.0,0.0,Päron,🍛 Päron
2024-11-29,09:48,FOOD,Eat,0.0,540.0,15.0,37.0,74.0,37.0,20.0,Proteingröt vassle,🍛 Proteingröt vassle
2024-11-29,10:00,REST,Bmr,0,-56.0,-41.0,0.0,74.0,0.0,0.0,0,0
2024-11-29,10:12,TRAINING,Walk,7.31 km,-473.0,-514.0,0.0,74.0,0.0,0.0,Steps 9034,🚶🏻‍♂️ Walk 7.31 km
2024-11-29,11:00,REST,Bmr,0,-56.0,-570.0,0.0,74.0,0.0,0.0,0,0
2024-11-29,12:00,REST,Bmr,0,-56.0,-626.0,0.0,74.0,0.0,0.0,0,0
2024-11-29,12:18,TRAINING,Strength,0,-162.0,-788.0,0.0,74.0,0.0,0.0,UpperBody hypertrophy,🏋🏻‍♂️ Strength UpperBody hypertrophy
2024-11-29,13:00,REST,Bmr,0,-56.0,-844.0,0.0,74.0,0.0,0.0,0,0
2024-11-29,14:00,REST,Bmr,0,-56.0,-900.0,0.0,74.0,0.0,0.0,0,0
2024-11-29,14:01,FOOD,Eat,0.0,138.0,-762.0,11.0,85.0,11.0,6.0,Proteinbar ica salted caramel,🍛 Proteinbar ica salted caramel
2024-11-29,15:00,REST,Bmr,0,-56.0,-818.0,0.0,85.0,0.0,0.0,0,0
2024-11-29,16:00,REST,Bmr,0,-56.0,-874.0,0.0,85.0,0.0,0.0,0,0
2024-11-29,16:30,FOOD,Eat,0.0,500.0,-374.0,20.0,105.0,20.0,26.0,Köpsallad ica,🍛 Köpsallad ica
2024-11-29,16:59,FOOD,Eat,0.0,390.0,16.0,5.0,110.0,5.0,19.0,Dadelboll jordnöt/Dadelboll protinella/Dadelboll lakrtis citron 1 boll/Barbell santa/Barbell choco/Wafer nicks/Marabou dukat,🍛 Dadelboll jordnöt/Dadelboll protinella/Dadelboll lakrtis citron 1 boll/Barbell santa/Barbell choco/Wafer nicks/Marabou dukat
2024-11-29,17:00,REST,Bmr,0,-56.0,-40.0,0.0,110.0,0.0,0.0,0,0
2024-11-29,17:02,FOOD,Eat,0.0,58.0,18.0,0.0,110.0,0.0,3.0,Sun rice,🍛 Sun rice
2024-11-29,18:00,REST,Bmr,0,-56.0,-38.0,0.0,110.0,0.0,0.0,0,0
2024-11-29,19:00,REST,Bmr,0,-56.0,-94.0,0.0,110.0,0.0,0.0,0,0
2024-11-29,20:00,REST,Bmr,0,-56.0,-150.0,0.0,110.0,0.0,0.0,0,0
2024-11-29,21:00,REST,Bmr,0,-56.0,-206.0,0.0,110.0,0.0,0.0,0,0
2024-11-29,22:00,REST,Bmr,0,-56.0,-262.0,0.0,110.0,0.0,0.0,0,0
2024-11-29,23:00,REST,Bmr,0,-56.0,-318.0,0.0,110.0,0.0,0.0,0,0
2024-11-30,00:00,REST,Bmr,0,-56.0,-56.0,0.0,0.0,0.0,0.0,0,
2024-11-30,01:00,REST,Bmr,0,-56.0,-112.0,0.0,0.0,0.0,0.0,0,
2024-11-30,02:00,REST,Bmr,0,-56.0,-168.0,0.0,0.0,0.0,0.0,0,
2024-11-30,03:00,REST,Bmr,0,-56.0,-224.0,0.0,0.0,0.0,0.0,0,
2024-11-30,04:00,REST,Bmr,0,-56.0,-280.0,0.0,0.0,0.0,0.0,0,
2024-11-30,04:10,TRAINING,Walk,8.09 km,-502.0,-782.0,0.0,0.0,0.0,0.0,Steps 9958,
2024-11-30,05:00,REST,Bmr,0,-56.0,-838.0,0.0,0.0,0.0,0.0,0,
2024-11-30,06:00,REST,Bmr,0,-56.0,-894.0,0.0,0.0,0.0,0.0,0,
2024-11-30,07:00,REST,Bmr,0,-56.0,-950.0,0.0,0.0,0.0,0.0,0,
2024-11-30,07:01,FOOD,Eat,0.0,540.0,-410.0,37.0,37.0,37.0,20.0,Proteingröt vassle,
2024-11-30,08:00,REST,Bmr,0,-56.0,-466.0,0.0,37.0,0.0,0.0,0,
2024-11-30,09:00,REST,Bmr,0,-56.0,-522.0,0.0,37.0,0.0,0.0,0,
2024-11-30,09:30,FOOD,Eat,0.0,540.0,18.0,37.0,74.0,37.0,20.0,Proteingröt vassle,
2024-11-30,10:00,REST,Bmr,0,-56.0,-38.0,0.0,74.0,0.0,0.0,0,
2024-11-30,10:06,TRAINING,Walk,3.72 km,-211.0,-249.0,0.0,74.0,0.0,0.0,Steps 4437,
2024-11-30,11:00,REST,Bmr,0,-56.0,-305.0,0.0,74.0,0.0,0.0,0,
2024-11-30,12:00,REST,Bmr,0,-56.0,-361.0,0.0,74.0,0.0,0.0,0,
2024-11-30,12:29,FOOD,Eat,0.0,133.0,-228.0,6.0,80.0,6.0,7.0,Majskaka ica/Ägg rått/Bregott/Påläggskaviar original,
2024-11-30,13:00,REST,Bmr,0,-56.0,-284.0,0.0,80.0,0.0,0.0,0,
2024-11-30,14:00,REST,Bmr,0,-56.0,-340.0,0.0,80.0,0.0,0.0,0,
2024-11-30,15:00,REST,Bmr,0,-56.0,-396.0,0.0,80.0,0.0,0.0,0,
2024-11-30,16:00,REST,Bmr,0,-56.0,-452.0,0.0,80.0,0.0,0.0,0,
2024-11-30,17:00,REST,Bmr,0,-56.0,-508.0,0.0,80.0,0.0,0.0,0,
2024-11-30,17:30,FOOD,Eat,0.0,430.0,-78.0,13.0,93.0,13.0,14.0,Filmjölk fett 3% berikad/Havregryn fullkorn/Solrosfrö/Tranbär torkade,
2024-11-30,18:00,REST,Bmr,0,-56.0,-134.0,0.0,93.0,0.0,0.0,0,
2024-11-30,19:00,REST,Bmr,0,-56.0,-190.0,0.0,93.0,0.0,0.0,0,
2024-11-30,20:00,REST,Bmr,0,-56.0,-246.0,0.0,93.0,0.0,0.0,0,
2024-11-30,21:00,REST,Bmr,0,-56.0,-302.0,0.0,93.0,0.0,0.0,0,
2024-11-30,22:00,REST,Bmr,0,-56.0,-358.0,0.0,93.0,0.0,0.0,0,
2024-11-30,23:00,REST,Bmr,0,-56.0,-414.0,0.0,93.0,0.0,0.0,0,
2024-12-01,00:00,REST,Bmr,0,-56.0,-56.0,0.0,0.0,0.0,0.0,0,
2024-12-01,01:00,REST,Bmr,0,-56.0,-112.0,0.0,0.0,0.0,0.0,0,
2024-12-01,02:00,REST,Bmr,0,-56.0,-168.0,0.0,0.0,0.0,0.0,0,
2024-12-01,03:00,REST,Bmr,0,-56.0,-224.0,0.0,0.0,0.0,0.0,0,
2024-12-01,04:00,REST,Bmr,0,-56.0,-280.0,0.0,0.0,0.0,0.0,0,
2024-12-01,05:00,REST,Bmr,0,-56.0,-336.0,0.0,0.0,0.0,0.0,0,
2024-12-01,06:00,REST,Bmr,0,-56.0,-392.0,0.0,0.0,0.0,0.0,0,
2024-12-01,06:01,TRAINING,Walk,7.94 km,-450.0,-842.0,0.0,0.0,0.0,0.0,Steps 11134,
2024-12-01,07:00,REST,Bmr,0,-56.0,-898.0,0.0,0.0,0.0,0.0,0,
2024-12-01,08:00,REST,Bmr,0,-56.0,-954.0,0.0,0.0,0.0,0.0,0,
2024-12-01,08:48,FOOD,Eat,0.0,540.0,-414.0,37.0,37.0,37.0,20.0,Proteingröt vassle,
2024-12-01,09:00,REST,Bmr,0,-56.0,-470.0,0.0,37.0,0.0,0.0,0,
2024-12-01,10:00,REST,Bmr,0,-56.0,-526.0,0.0,37.0,0.0,0.0,0,
2024-12-01,11:00,REST,Bmr,0,-56.0,-582.0,0.0,37.0,0.0,0.0,0,
2024-12-01,12:00,REST,Bmr,0,-56.0,-638.0,0.0,37.0,0.0,0.0,0,
2024-12-01,13:00,REST,Bmr,0,-56.0,-694.0,0.0,37.0,0.0,0.0,0,
2024-12-01,13:13,FOOD,Eat,0.0,500.0,-194.0,20.0,57.0,20.0,26.0,Köpsallad,
2024-12-01,14:00,REST,Bmr,0,-56.0,-250.0,0.0,57.0,0.0,0.0,0,
2024-12-01,14:01,FOOD,Eat,0.0,970.0,720.0,12.0,69.0,12.0,16.0,Skumgodis/Chokladpralin,
2024-12-01,15:00,REST,Bmr,0,-56.0,664.0,0.0,69.0,0.0,0.0,0,
2024-12-01,15:13,TRAINING,Walk,11.79 km,-733.0,-69.0,0.0,69.0,0.0,0.0,Tappat nycklarna,
2024-12-01,16:00,REST,Bmr,0,-56.0,-125.0,0.0,69.0,0.0,0.0,0,
2024-12-01,17:00,REST,Bmr,0,-56.0,-181.0,0.0,69.0,0.0,0.0,0,
2024-12-01,18:00,REST,Bmr,0,-56.0,-237.0,0.0,69.0,0.0,0.0,0,
2024-12-01,19:00,REST,Bmr,0,-56.0,-293.0,0.0,69.0,0.0,0.0,0,
2024-12-01,20:00,REST,Bmr,0,-56.0,-349.0,0.0,69.0,0.0,0.0,0,
2024-12-01,21:00,REST,Bmr,0,-56.0,-405.0,0.0,69.0,0.0,0.0,0,
2024-12-01,22:00,REST,Bmr,0,-56.0,-461.0,0.0,69.0,0.0,0.0,0,
2024-12-01,23:00,REST,Bmr,0,-56.0,-517.0,0.0,69.0,0.0,0.0,0,
2024-12-02,00:00,REST,Bmr,0,-56.0,-56.0,0.0,0.0,0.0,0.0,0,0
2024-12-02,01:00,REST,Bmr,0,-56.0,-112.0,0.0,0.0,0.0,0.0,0,0
2024-12-02,02:00,REST,Bmr,0,-56.0,-168.0,0.0,0.0,0.0,0.0,0,0
2024-12-02,03:00,REST,Bmr,0,-56.0,-224.0,0.0,0.0,0.0,0.0,0,0
2024-12-02,04:00,REST,Bmr,0,-56.0,-280.0,0.0,0.0,0.0,0.0,0,0
2024-12-02,04:14,TRAINING,Walk,8.09 km,-655.0,-935.0,0.0,0.0,0.0,0.0,Steps 9986,🚶🏻‍♂️ Walk 8.09 km
2024-12-02,05:00,REST,Bmr,0,-56.0,-991.0,0.0,0.0,0.0,0.0,0,0
2024-12-02,06:00,REST,Bmr,0,-56.0,-1047.0,0.0,0.0,0.0,0.0,0,0
2024-12-02,06:30,FOOD,Eat,0.0,540.0,-507.0,37.0,37.0,37.0,20.0,Proteingröt vassle,🍲  Proteingröt vassle
2024-12-02,07:00,REST,Bmr,0,-56.0,-563.0,0.0,37.0,0.0,0.0,0,0
2024-12-02,08:00,REST,Bmr,0,-56.0,-619.0,0.0,37.0,0.0,0.0,0,0
2024-12-02,09:00,REST,Bmr,0,-56.0,-675.0,0.0,37.0,0.0,0.0,0,0
2024-12-02,10:00,REST,Bmr,0,-56.0,-731.0,0.0,37.0,0.0,0.0,0,0
2024-12-02,10:09,FOOD,Eat,0.0,540.0,-191.0,37.0,74.0,37.0,20.0,Proteingröt vassle,🍲  Proteingröt vassle
2024-12-02,10:41,TRAINING,Walk,7.58 km,-459.0,-650.0,0.0,74.0,0.0,0.0,Steps 9129,🚶🏻‍♂️ Walk 7.58 km
2024-12-02,11:00,REST,Bmr,0,-56.0,-706.0,0.0,74.0,0.0,0.0,0,0
2024-12-02,12:00,REST,Bmr,0,-56.0,-762.0,0.0,74.0,0.0,0.0,0,0
2024-12-02,12:59,FOOD,Eat,0.0,253.0,-509.0,7.0,81.0,7.0,10.0,Proteinbar coockies and cream/Dadelboll jordnöt/Dadelboll protinella/Dadelboll lakrtis citron 1 boll,🍲  Proteinbar coockies and cream/Dadelboll jordnöt/Dadelboll protinella/Dadelboll lakrtis citron 1 boll
2024-12-02,13:00,REST,Bmr,0,-56.0,-565.0,0.0,81.0,0.0,0.0,0,0
2024-12-02,14:00,REST,Bmr,0,-56.0,-621.0,0.0,81.0,0.0,0.0,0,0
2024-12-02,14:36,FOOD,Eat,0.0,47.0,-574.0,0.0,81.0,0.0,0.0,Äpple Aroma rött,🍲  Äpple Aroma rött
2024-12-02,15:00,REST,Bmr,0,-56.0,-630.0,0.0,81.0,0.0,0.0,0,0
2024-12-02,15:33,TRAINING,Strength,0,-206.0,-836.0,0.0,81.0,0.0,0.0,UpperBody calistenics,
2024-12-02,16:00,REST,Bmr,0,-56.0,-892.0,0.0,81.0,0.0,0.0,0,0
2024-12-02,16:49,FOOD,Eat,0.0,443.0,-449.0,29.0,110.0,38.0,10.0,Ugnsbakad sötpotatis och rödbeta med fillets/Ägg kokt/Beanaise garant,
2024-12-02,17:00,REST,Bmr,0,-56.0,-505.0,0.0,110.0,0.0,0.0,0,0
2024-12-02,17:14,FOOD,Eat,0.0,218.0,-287.0,4.0,114.0,20.0,8.0,Dadelboll jordnöt/Dadelboll protinella/Dadelboll lakrtis citron 1 boll/Barbell santa/Barbell choco,
2024-12-02,17:21,FOOD,Eat,0.0,114.0,-173.0,0.0,114.0,7.0,7.0,Mörk choklad kakao 70%/Mörk choklad hasselnöt och havssalt,
2024-12-02,18:00,REST,Bmr,0,-56.0,-229.0,0.0,114.0,0.0,0.0,0,0
2024-12-02,19:00,REST,Bmr,0,-56.0,-285.0,0.0,114.0,0.0,0.0,0,0
2024-12-02,20:00,REST,Bmr,0,-56.0,-341.0,0.0,114.0,0.0,0.0,0,0
2024-12-02,21:00,REST,Bmr,0,-56.0,-397.0,0.0,114.0,0.0,0.0,0,0
2024-12-02,22:00,REST,Bmr,0,-56.0,-453.0,0.0,114.0,0.0,0.0,0,0
2024-12-02,23:00,REST,Bmr,0,-56.0,-509.0,0.0,114.0,0.0,0.0,0,0
2024-12-03,00:00,REST,Bmr,0,-56.0,-56.0,0.0,0.0,0.0,0.0,0,0
2024-12-03,01:00,REST,Bmr,0,-56.0,-112.0,0.0,0.0,0.0,0.0,0,0
2024-12-03,02:00,REST,Bmr,0,-56.0,-168.0,0.0,0.0,0.0,0.0,0,0
2024-12-03,03:00,REST,Bmr,0,-56.0,-224.0,0.0,0.0,0.0,0.0,0,0
2024-12-03,04:00,REST,Bmr,0,-56.0,-280.0,0.0,0.0,0.0,0.0,0,0
2024-12-03,04:19,TRAINING,Walk,8.14 km,-633.0,-913.0,0.0,0.0,0.0,0.0,Steps 9672,🚶🏻‍♂️ Walk 8.14 km
2024-12-03,05:00,REST,Bmr,0,-56.0,-969.0,0.0,0.0,0.0,0.0,0,0
2024-12-03,06:00,REST,Bmr,0,-56.0,-1025.0,0.0,0.0,0.0,0.0,0,0
2024-12-03,06:20,FOOD,Eat,0.0,540.0,-485.0,37.0,37.0,41.0,20.0,Protein porridge,🍲  Protein porridge
2024-12-03,07:00,REST,Bmr,0,-56.0,-541.0,0.0,37.0,0.0,0.0,0,0
2024-12-03,08:00,REST,Bmr,0,-56.0,-597.0,0.0,37.0,0.0,0.0,0,0
2024-12-03,09:00,REST,Bmr,0,-56.0,-653.0,0.0,37.0,0.0,0.0,0,0
2024-12-03,09:40,FOOD,Eat,0.0,540.0,-113.0,37.0,74.0,41.0,20.0,Protein porridge,🍲  Protein porridge
2024-12-03,10:00,REST,Bmr,0,-56.0,-169.0,0.0,74.0,0.0,0.0,0,0
2024-12-03,10:58,FOOD,Eat,0.0,68.0,-101.0,0.0,74.0,15.0,0.0,Äpple Aroma rött,🍲  Äpple Aroma rött
2024-12-03,11:00,REST,Bmr,0,-56.0,-157.0,0.0,74.0,0.0,0.0,0,0
2024-12-03,11:03,TRAINING,Walk,7.7 km,-620.0,-777.0,0.0,74.0,0.0,0.0,Steps 9550,🚶🏻‍♂️ Walk 7.7 km
2024-12-03,12:00,REST,Bmr,0,-56.0,-833.0,0.0,74.0,0.0,0.0,0,0
2024-12-03,13:00,REST,Bmr,0,-56.0,-889.0,0.0,74.0,0.0,0.0,0,0
2024-12-03,13:19,FOOD,Eat,0.0,33.0,-856.0,2.0,76.0,2.0,1.0,Barbell choco,🍲  Barbell choco
2024-12-03,14:00,REST,Bmr,0,-56.0,-912.0,0.0,76.0,0.0,0.0,0,0
2024-12-03,15:00,REST,Bmr,0,-56.0,-968.0,0.0,76.0,0.0,0.0,0,0
2024-12-03,15:29,TRAINING,Strength,0,-153.0,-1121.0,0.0,76.0,0.0,0.0,LowerBody power,🏋🏻‍♂️ Strength LowerBody power
2024-12-03,16:00,REST,Bmr,0,-56.0,-1177.0,0.0,76.0,0.0,0.0,0,0
2024-12-03,16:58,FOOD,Eat,0.0,490.0,-687.0,35.0,111.0,39.0,11.0,Ugnsbakad sötpotatis och rödbeta med fillets/Lax kokt m. salt/Rhode island dressing lätt,🍲  Ugnsbakad sötpotatis och rödbeta med fillets/Lax kokt m. salt/Rhode island dressing lätt
2024-12-03,17:00,REST,Bmr,0,-56.0,-743.0,0.0,111.0,0.0,0.0,0,0
2024-12-03,17:24,FOOD,Eat,0.0,190.0,-553.0,9.0,120.0,14.0,9.0,Proteinbar ica salted caramel/Proteinbar ica choklade mudcake/Barbell choco/Wafer nicks,🍲  Proteinbar ica salted caramel/Proteinbar ica choklade mudcake/Barbell choco/Wafer nicks
2024-12-03,17:31,FOOD,Eat,0.0,276.0,-277.0,0.0,120.0,23.0,13.0,Dadelboll jordnöt/Dadelboll protinella/Dadelboll lakrtis citron 1 boll/Mörk choklad kakao 70%/Mörk choklad hasselnöt och havssalt,🍲  Dadelboll jordnöt/Dadelboll protinella/Dadelboll lakrtis citron 1 boll/Mörk choklad kakao 70%/Mörk choklad hasselnöt och havssalt
2024-12-03,17:37,FOOD,Eat,0.0,108.0,-169.0,0.0,120.0,9.0,6.0,Sun rice/Marabou dukat,🍲  Sun rice/Marabou dukat
2024-12-03,18:00,REST,Bmr,0,-56.0,-225.0,0.0,120.0,0.0,0.0,0,0
2024-12-03,19:00,REST,Bmr,0,-56.0,-281.0,0.0,120.0,0.0,0.0,0,0
2024-12-03,20:00,REST,Bmr,0,-56.0,-337.0,0.0,120.0,0.0,0.0,0,0
2024-12-03,21:00,REST,Bmr,0,-56.0,-393.0,0.0,120.0,0.0,0.0,0,0
2024-12-03,22:00,REST,Bmr,0,-56.0,-449.0,0.0,120.0,0.0,0.0,0,0
2024-12-03,23:00,REST,Bmr,0,-56.0,-505.0,0.0,120.0,0.0,0.0,0,0
